-- phpMyAdmin SQL Dump
-- version 4.1.12
-- http://www.phpmyadmin.net
--
-- Хост: localhost
-- Время создания: Июн 18 2014 г., 15:04
-- Версия сервера: 5.6.16
-- Версия PHP: 5.5.11

SET SQL_MODE = "NO_AUTO_VALUE_ON_ZERO";
SET time_zone = "+00:00";


/*!40101 SET @OLD_CHARACTER_SET_CLIENT=@@CHARACTER_SET_CLIENT */;
/*!40101 SET @OLD_CHARACTER_SET_RESULTS=@@CHARACTER_SET_RESULTS */;
/*!40101 SET @OLD_COLLATION_CONNECTION=@@COLLATION_CONNECTION */;
/*!40101 SET NAMES utf8 */;

--
-- База данных: `football`
--

-- --------------------------------------------------------

--
-- Структура таблицы `categories`
--

CREATE TABLE IF NOT EXISTS `categories` (
  `cat_id` tinyint(3) unsigned NOT NULL AUTO_INCREMENT,
  `cat_name_en` varchar(100) NOT NULL,
  `cat_name_ua` varchar(100) NOT NULL,
  `cat_parent` tinyint(3) unsigned DEFAULT '0',
  `cat_class` varchar(50) DEFAULT NULL,
  PRIMARY KEY (`cat_id`)
) ENGINE=InnoDB  DEFAULT CHARSET=cp1251 AUTO_INCREMENT=21 ;

--
-- Дамп данных таблицы `categories`
--

INSERT INTO `categories` (`cat_id`, `cat_name_en`, `cat_name_ua`, `cat_parent`, `cat_class`) VALUES
(1, 'England', 'Англія', 0, 'en'),
(2, 'Germany', 'Німеччина', 0, 'ger'),
(3, 'Russia', 'Росія', 0, 'ru'),
(4, 'Italy', 'Італія', 0, 'ital'),
(5, 'Spain', 'Іспанія', 0, 'spain'),
(6, 'Ukraine', 'Україна', 0, 'ua'),
(7, 'Premier League', 'Прем''єр-ліга', 1, NULL),
(8, 'Championship', 'Чемпіоншип', 1, NULL),
(9, 'Bundesliga', 'Бундесліга', 2, NULL),
(10, 'Serie A', 'Серія А', 4, NULL),
(11, 'Primera', 'Прімера', 5, NULL),
(12, 'Premier League', 'Прем''єр-ліга', 3, NULL),
(13, 'Premier League', 'Прем''єр-ліга', 6, NULL),
(17, 'champions league', 'Ліга чемпіонів', 0, 'lc'),
(18, 'League Cup', 'Кубок Лігі', 1, NULL),
(19, 'Ukraine Cup', 'Кубок України', 6, ''),
(20, 'England Cup', 'Кубок Англії', 1, NULL);

-- --------------------------------------------------------

--
-- Структура таблицы `comments`
--

CREATE TABLE IF NOT EXISTS `comments` (
  `comment_id` smallint(5) unsigned NOT NULL AUTO_INCREMENT,
  `comment_text` varchar(10000) NOT NULL,
  `comment_date` datetime NOT NULL,
  `comment_user_id` smallint(5) unsigned NOT NULL,
  `comment_post_id` smallint(5) unsigned NOT NULL,
  PRIMARY KEY (`comment_id`),
  KEY `comment_user_id` (`comment_user_id`,`comment_post_id`),
  KEY `comment_user_id_2` (`comment_user_id`,`comment_post_id`),
  KEY `comment_user_id_3` (`comment_user_id`),
  KEY `comment_post_id` (`comment_post_id`)
) ENGINE=InnoDB  DEFAULT CHARSET=cp1251 AUTO_INCREMENT=9 ;

--
-- Дамп данных таблицы `comments`
--

INSERT INTO `comments` (`comment_id`, `comment_text`, `comment_date`, `comment_user_id`, `comment_post_id`) VALUES
(1, 'Руні Супер!', '2014-02-09 17:46:25', 2, 16),
(2, 'Без Ремі Ньюкасл ніякий!', '2014-04-27 11:05:42', 1, 17),
(3, 'Звільнили вже Мойеса!', '2014-04-27 11:06:18', 1, 16),
(4, 'Вже Гіггз тренер', '2014-04-27 11:06:52', 2, 16),
(5, 'В Реалі був краще!', '2014-04-27 11:07:20', 1, 15),
(6, 'Відчув вже', '2014-04-27 12:35:37', 1, 14),
(7, 'Було б чудово, хочу бачити ще в якості гравця', '2014-05-08 18:18:56', 1, 19),
(8, 'Гіггз буде чудовим асистентом, а потім тренером!', '2014-05-19 18:53:42', 1, 21);

-- --------------------------------------------------------

--
-- Структура таблицы `league_tables`
--

CREATE TABLE IF NOT EXISTS `league_tables` (
  `l_id` tinyint(3) unsigned NOT NULL,
  `l_widget` text NOT NULL,
  PRIMARY KEY (`l_id`)
) ENGINE=InnoDB DEFAULT CHARSET=cp1251;

--
-- Дамп данных таблицы `league_tables`
--

INSERT INTO `league_tables` (`l_id`, `l_widget`) VALUES
(7, '<!-- BEGIN of Soccerway widget HTML fragment  -->\n<!-- Personal code for this widget: ZsXETtH5ofjZHZfEn -->\n<iframe src="http://widgets.soccerway.com/widget/free/classic/competition/8/#d=210x450&f=table,table_colmp&cbackground=FFFFFF&ctext=000000&ctitle=43853B&cshadow=DDF1D9&cbutton=FFFFFF&cbuttontext=000000&chighlight=FF0000&tbody_family=Tahoma,sans-serif&tbody_size=10&tbody_weight=normal&tbody_style=normal&tbody_decoration=none&tbody_transform=none&ttitle_family=Impact,sans-serif&ttitle_size=13&ttitle_weight=normal&ttitle_style=normal&ttitle_decoration=none&ttitle_transform=none&ttab_family=Tahoma,sans-serif&ttab_size=9&ttab_weight=normal&ttab_style=normal&ttab_decoration=none&ttab_transform=none" width="210" height="425" scrolling="no" frameborder="0" marginwidth="0" marginheight="0"></iframe>\n<!-- END of Soccerway widget HTML fragment -->'),
(8, '<!-- BEGIN of Soccerway widget HTML fragment  -->\n<!-- Personal code for this widget: ZsXETtH5ofjZHZfEn -->\n<iframe src="http://widgets.soccerway.com/widget/free/classic/competition/70/#d=210x450&f=table,table_colmp&cbackground=FFFFFF&ctext=000000&ctitle=43853B&cshadow=DDF1D9&cbutton=FFFFFF&cbuttontext=000000&chighlight=FF0000&tbody_family=Tahoma,sans-serif&tbody_size=10&tbody_weight=normal&tbody_style=normal&tbody_decoration=none&tbody_transform=none&ttitle_family=Impact,sans-serif&ttitle_size=13&ttitle_weight=normal&ttitle_style=normal&ttitle_decoration=none&ttitle_transform=none&ttab_family=Tahoma,sans-serif&ttab_size=9&ttab_weight=normal&ttab_style=normal&ttab_decoration=none&ttab_transform=none" width="210" height="430" scrolling="no" frameborder="0" marginwidth="0" marginheight="0"></iframe>\n<!-- END of Soccerway widget HTML fragment -->'),
(9, '<!-- BEGIN of Soccerway widget HTML fragment  -->\n<!-- Personal code for this widget: ZsXETtH5ofjZHZfEn -->\n<iframe src="http://widgets.soccerway.com/widget/free/classic/competition/9/#d=210x450&f=table,table_colmp&cbackground=FFFFFF&ctext=000000&ctitle=43853B&cshadow=DDF1D9&cbutton=FFFFFF&cbuttontext=000000&chighlight=FF0000&tbody_family=Tahoma,sans-serif&tbody_size=10&tbody_weight=normal&tbody_style=normal&tbody_decoration=none&tbody_transform=none&ttitle_family=Impact,sans-serif&ttitle_size=13&ttitle_weight=normal&ttitle_style=normal&ttitle_decoration=none&ttitle_transform=none&ttab_family=Tahoma,sans-serif&ttab_size=9&ttab_weight=normal&ttab_style=normal&ttab_decoration=none&ttab_transform=none" width="210" height="420" scrolling="no" frameborder="0" marginwidth="0" marginheight="0"></iframe>\n<!-- END of Soccerway widget HTML fragment -->'),
(10, '<!-- BEGIN of Soccerway widget HTML fragment  -->\n<!-- Personal code for this widget: ZsXETtH5ofjZHZfEn -->\n<iframe src="http://widgets.soccerway.com/widget/free/classic/competition/13/#d=210x450&f=table,table_colmp&cbackground=FFFFFF&ctext=000000&ctitle=43853B&cshadow=DDF1D9&cbutton=FFFFFF&cbuttontext=000000&chighlight=FF0000&tbody_family=Tahoma,sans-serif&tbody_size=10&tbody_weight=normal&tbody_style=normal&tbody_decoration=none&tbody_transform=none&ttitle_family=Impact,sans-serif&ttitle_size=13&ttitle_weight=normal&ttitle_style=normal&ttitle_decoration=none&ttitle_transform=none&ttab_family=Tahoma,sans-serif&ttab_size=9&ttab_weight=normal&ttab_style=normal&ttab_decoration=none&ttab_transform=none" width="210" height="425" scrolling="no" frameborder="0" marginwidth="0" marginheight="0"></iframe>\n<!-- END of Soccerway widget HTML fragment -->'),
(11, '<!-- BEGIN of Soccerway widget HTML fragment  -->\n<!-- Personal code for this widget: ZsXETtH5ofjZHZfEn -->\n<iframe src="http://widgets.soccerway.com/widget/free/classic/competition/7/#d=210x450&f=table,table_colmp&cbackground=FFFFFF&ctext=000000&ctitle=43853B&cshadow=DDF1D9&cbutton=FFFFFF&cbuttontext=000000&chighlight=FF0000&tbody_family=Tahoma,sans-serif&tbody_size=10&tbody_weight=normal&tbody_style=normal&tbody_decoration=none&tbody_transform=none&ttitle_family=Impact,sans-serif&ttitle_size=13&ttitle_weight=normal&ttitle_style=normal&ttitle_decoration=none&ttitle_transform=none&ttab_family=Tahoma,sans-serif&ttab_size=9&ttab_weight=normal&ttab_style=normal&ttab_decoration=none&ttab_transform=none" width="210" height="425" scrolling="no" frameborder="0" marginwidth="0" marginheight="0"></iframe>\n<!-- END of Soccerway widget HTML fragment -->'),
(12, '<!-- BEGIN of Soccerway widget HTML fragment  -->\n<!-- Personal code for this widget: ZsXETtH5ofjZHZfEn -->\n<iframe src="http://widgets.soccerway.com/widget/free/classic/competition/121/#d=210x450&f=table,table_colmp&cbackground=FFFFFF&ctext=000000&ctitle=43853B&cshadow=DDF1D9&cbutton=FFFFFF&cbuttontext=000000&chighlight=FF0000&tbody_family=Tahoma,sans-serif&tbody_size=10&tbody_weight=normal&tbody_style=normal&tbody_decoration=none&tbody_transform=none&ttitle_family=Impact,sans-serif&ttitle_size=13&ttitle_weight=normal&ttitle_style=normal&ttitle_decoration=none&ttitle_transform=none&ttab_family=Tahoma,sans-serif&ttab_size=9&ttab_weight=normal&ttab_style=normal&ttab_decoration=none&ttab_transform=none" width="210" height="370" scrolling="no" frameborder="0" marginwidth="0" marginheight="0"></iframe>\n<!-- END of Soccerway widget HTML fragment -->'),
(13, '<!-- BEGIN of Soccerway widget HTML fragment  -->\n<!-- Personal code for this widget: ZsXETtH5ofjZHZfEn -->\n<iframe src="http://widgets.soccerway.com/widget/free/classic/competition/125/#d=210x450&f=table,table_colmp&cbackground=FFFFFF&ctext=000000&ctitle=43853B&cshadow=DDF1D9&cbutton=FFFFFF&cbuttontext=000000&chighlight=FF0000&tbody_family=Tahoma,sans-serif&tbody_size=10&tbody_weight=normal&tbody_style=normal&tbody_decoration=none&tbody_transform=none&ttitle_family=Impact,sans-serif&ttitle_size=13&ttitle_weight=normal&ttitle_style=normal&ttitle_decoration=none&ttitle_transform=none&ttab_family=Tahoma,sans-serif&ttab_size=9&ttab_weight=normal&ttab_style=normal&ttab_decoration=none&ttab_transform=none" width="210" height="370" scrolling="no" frameborder="0" marginwidth="0" marginheight="0"></iframe>\n<!-- END of Soccerway widget HTML fragment -->');

-- --------------------------------------------------------

--
-- Структура таблицы `posts`
--

CREATE TABLE IF NOT EXISTS `posts` (
  `post_id` smallint(5) unsigned NOT NULL AUTO_INCREMENT,
  `post_title_en` varchar(255) NOT NULL,
  `post_title_ua` varchar(255) NOT NULL,
  `post_short_desc_en` text NOT NULL,
  `post_short_desc_ua` text NOT NULL,
  `post_full_desc_en` text NOT NULL,
  `post_full_desc_ua` text NOT NULL,
  `post_cat_id` tinyint(3) unsigned DEFAULT NULL,
  `post_date` datetime NOT NULL,
  `post_author_id` smallint(5) unsigned NOT NULL,
  `post_status` enum('post','draft') DEFAULT 'post',
  PRIMARY KEY (`post_id`),
  KEY `posts_user_u_id` (`post_author_id`),
  KEY `post_status` (`post_status`),
  KEY `post_cat_id` (`post_cat_id`)
) ENGINE=InnoDB  DEFAULT CHARSET=cp1251 AUTO_INCREMENT=24 ;

--
-- Дамп данных таблицы `posts`
--

INSERT INTO `posts` (`post_id`, `post_title_en`, `post_title_ua`, `post_short_desc_en`, `post_short_desc_ua`, `post_full_desc_en`, `post_full_desc_ua`, `post_cat_id`, `post_date`, `post_author_id`, `post_status`) VALUES
(2, 'Bakari Sanya ready for the match with the "City"', 'Бакарі Санья готовий до матчу з "Сіті"', '<p><img alt="" src="http://foot/back-end/load_img/2352-Bacary.jpg" style="float:left; height:152px; width:202px" /> Defender "Arsenal "Bacary Sagna has passed a fitness test and went with his team to an away match against the Premier League "Manchester City" according Goal in exclusive materials. </p>', '<p><img alt="" src="http://foot/back-end/load_img/2352-Bacary.jpg" style="float:left; height:152px; width:202px" />Захисник &quot;Арсеналу&quot; Бакарі Санья пройшов фітнес-тест і відправився зі своєю командою на виїзний матч Прем&#39;єр-Ліги проти &quot;Манчестер Сіті&quot;, повідомляє Goal в ексклюзивному матеріалі.</p>', '<p>right-back missed the last three matches of the club due to hamstring. And if against "Hull" relief of Frenchman Charles Jenkinson looked pretty good, then against a team of "Napoli" it was extremely difficult.</p>\n\n<p>Fortunately, Jenkinson has a chance to avoid trial "City" as Bacary has made significant progress in his recovery. It is expected that it will Sanya in the starting lineup for Saturday''s match.</p>', '<p>Правий захисник пропустив три останніх матчі свого клубу через травму задньої поверхні стегна. І якщо проти &quot;Халла&quot; змінник француза Карл Дженкинсон виглядав досить непогано, то проти команди рівня &quot;Наполі&quot; йому було вкрай важко.&nbsp;</p>\n\n<p>На щастя, Дженкинсон має всі шанси уникнути випробування &quot;Сіті&quot;, оскільки Бакарі домігся суттєвого прогресу у своєму відновленні. Очікується, що саме Санья вийде в стартовому складі на суботній матч.</p>', 7, '2013-12-13 19:11:02', 1, 'post'),
(3, 'Van Persie will miss a month and nine matches MJ', 'Ван Персі пропустить місяць і дев''ять матчів МЮ', '<p><img alt="" src="http://foot/back-end/load_img/327-rvp3.jpg" style="float:left; height:152px; width:202px" /> Forward "Manchester United "Robin van Persie will miss the next month due to stretching of the hip muscles.</p>', '<p><img alt="" src="http://foot/back-end/load_img/327-rvp3.jpg" style="float:left; height:152px; width:202px" />Нападник &quot;Манчестер Юнайтед&quot; Робін Ван Персі пропустить найближчий місяць через розтягнення м&#39;яза стегна.</p>', '<p>According to BBC, this injured 30-year-old Dutchman was in last Tuesday, fulfilling a corner from which Phil Jones scored the only goal in the victorious for "United" Champions League match against Donetsk "Shakhtar".</p>\n\n<p>Losing Van Persie will be a huge challenge for the "United", because in the next month - if their victory over the "Stoke" in the quarterfinals of the League Cup - David Moyyesa ability to conduct nine games.</p>\n\nIf doctors <p>forecasts come true, Robin recover only away game of the Premier League against "Chelsea" January 19. Earlier this season, Van Persie has missed a few games due to problems with Pachomius and toes.</p>', '<p>Як повідомляє BBC, дану травму 30-річний голландець отримав в минулий вівторок, виконуючи кутовий, з якого Філ Джонс забив єдиний гол у переможному для &quot;Юнайтед&quot; матчі Ліги Чемпіонів проти донецького &quot;Шахтаря&quot;.</p>\n\n<p>Втрата Ван Персі стане величезною проблемою для &quot;Юнайтед&quot;, адже в найближчий місяць - якщо буде здобута перемога над &quot;Стоук&quot; у чвертьфіналі Кубка Ліги - підопічним Девіда Мойєса належить провести дев&#39;ять матчів.</p>\n\n<p>Якщо прогнози докторів збудуться, Робін видужає лише до виїзного матчу Прем&#39;єр-Ліги проти &quot;Челсі&quot; 19 січня. Нагадаємо, що раніше в нинішньому сезоні Ван Персі вже пропустив кілька гри через проблеми з пахом і пальцями стопи.</p>', 7, '2013-12-13 19:19:21', 1, 'post'),
(4, 'Manchester United - Shakhtar Donetsk 1-0. Integration into the Europa League', 'Манчестер Юнайтед - Шахтар 1:0. Інтеграція в Лігу Європи', '<p><img alt="" src="http://foot/back-end/load_img/5062-2013-12-10_194618__max_gal.jpg" style="float:left; height:152px; width:202px" />Mankuniantsev coach David Moyes was not surprised: starting line "MJ" was an excellent example of rotation - Leave skeleton (keeper de Gea, right-back Rafael duo tsentrdefiv Ferdinand-Evans, opornyka Phil Jones playmaker Shinji Kagawa and Wayne Rooney on the point of attack), and then can be varied.</p>', '<p><img alt="" src="http://foot/back-end/load_img/5062-2013-12-10_194618__max_gal.jpg" style="float:left; height:152px; width:202px" />Наставник манкуніанців Девід Мойес не здивував: стартовий склад &laquo;МЮ&raquo; являв собою чудовий зразок ротації - залишити кістяк (кіпера де Хеа, правого захисника Рафаела, дует центрдефів Фердінанд-Еванс, опорника Філа Джонса, плеймейкера Шінджі Кагаву і Уейна Руні на вістрі атаки), а далі можна варіювати.</p>', '<p>Patrice Evra missed the application - left out to protect young German Byuttner. In the reference area - a combination of experience (Giggs) and youth (and fun fyzyohnomyky) - Phil Jones. Left in the midfield - Ashley Young, right - Belgian prodigy Adnan Yanuzay. Maybe Mr. Moyes decided to treat the "Miner" hit or miss? Or, if you have "Red Devils" guarantee themselves a playoff, to give leaders a break? Doubtful - the mother - the crowd not to experiment, especially as the soon to APL - ''boxing Day''; plus play (even purely hypothetically) the third time - and curious statistics estimate that such a long time since there was no - obviously did not want. Rather, the new coach mankuniantsev leave yourself room to maneuver. Judge for yourself, the provision of "MJ" was with a particular slant to attack Anderson, Nani, Cleverley, Valencia, Hernandez, Van Persie - who will not be released, it may strengthen.</p>\n\n<p>And "Shakhtar" are relatively predictable. And the formation and selection of artists. In fact, only three items were questionable: in the end zone in the supporting duo got Stepanenko - Fred (Hyubshman and Fernando were in stock), and in place of the left in attacking midfielder Tyson. Incidentally, a colleague Shvets guessed from Stepanenko and Fred, but with Tyson - no (miniature multi rookie Bernard Located on the bench next to Ferreira - friend and successor Luiz Adriano).</p>', '<p>Патріс Евра не потрапив в заявку - зліва в захисті вийшов молодий німець Бюттнер. В опорній зоні - поєднання досвіду (Гіггз) і молодості (а також веселою физиогномики) - Філ Джонс. Зліва в півзахисті - Ешлі Янг, праворуч - бельгійський вундеркінд Аднан Янузай. Може, містер Мойес вирішив поставитися до &quot;Шахтаря&quot; абияк? Або, якщо вже &laquo;червоні дияволи&raquo; гарантували собі плей-офф, дати перепочити лідерам ? Сумнівно - рідною - то стадіоні не до експериментів, тим більше, що незабаром в АПЛ - &quot;Боксинг Дей&quot;; плюс програвати (нехай навіть чисто гіпотетично) втретє поспіль - а допитливі статистики підрахували, що такого давненько вже не було - явно не хотілося. Швидше, новий коуч манкуніанців залишив собі простір для маневру. Судіть самі, резерв у &quot;МЮ&quot; був з конкретним перекосом на атаку: Андерсон, Нані, Клеверлі, Валенсія, Ернандес, ван Персі - кого не випусти, все посилити можуть.</p>\r\n\r\n<p>А у &quot;Шахтаря&quot; все відносно передбачувано. І формація, і вибір виконавців. По суті, тільки три позиції були під питанням: у підсумку в опорній зоні влаштувався дует Степаненко - Фред (Хюбшман і Фернандо опинилися в запасі), а на місці лівого атакуючого півзахисника вийшов Тайсон. До речі, колега Швець вгадав зі Степаненко і Фредом, а от з Тайсоном - ні (мініатюрний багатомільйонний новачок Бернард розташувався на лавці запасних поруч з Феррейрою - другом і наступником Луїса Адріано).</p>', 17, '2013-12-13 20:53:35', 2, 'post'),
(5, 'Adnan Yanuzay believes Moyes', 'Аднан Янузай вірить в Мойеса', '<p><img alt="" src="http://foot/back-end/load_img/8407-adnan-1.jpg" style="float:left; height:152px; width:202px" />The young midfielder "Manchester United" Adnan Yanuzay expressed support for head coach David Moyes and said he believes that the ability to win trophies.</p>', '<p><img alt="" src="http://foot/back-end/load_img/8407-adnan-1.jpg" style="float:left; height:152px; width:202px" />Молодий півзахисник &quot;Манчестер Юнайтед&quot; Аднан Янузай висловив підтримку головному тренеру Девіду Мойесу&nbsp;і заявив, що вірить у здатність того вигравати трофеї.</p>', '<p>Currently, "Red Devils" going through a period of years after breaking up with Sir Alex Ferguson. "United" located 10 glasses behind the leading "Arsenal", but Yanuzvy full confidence that Coach successor rectify the situation.</p>\n\n<p>"He will win trophies. Remember, it is the new coach. Everything is new to him. You must give at this time. I think he''s a good coach. All players are willing to work hard and everything goes here "- said Yanuzay MUTV.</p>', '<p>В даний момент &quot;червоні дияволи&quot; переживають не найкращий свій період після річного розставання з сером Алексом Фергюсоном. &quot;Юнайтед&quot; знаходиться в 10 окулярах позаду лідируючого &quot;Арсеналу&quot;, однак Янузвй сповнений впевненості, що тренер-наступник виправить ситуацію.&nbsp;</p>\r\n\r\n<p>&quot;Він виграє трофеї. Не забувайте, він новий тренер. Все в новинку для нього. Потрібно дати на цей час. Думаю, він хороший тренер. Всі гравці готові наполегливо працювати, і у нас все складеться&quot;, - повідомив Янузай MUTV.</p>', 7, '2013-12-17 17:43:26', 1, 'post'),
(6, '"Chelsea" is preparing a second offer to purchase Guarini', '"Челсі" готує другий пропозицію про покупку Гуаріна', '<p><img alt="" src="http://foot/back-end/load_img/5607-guarin-1.jpg" style="float:left; height:152px; width:202px" />Head Coach "Chelsea" Jose Mourinho hopes to further saturate the midfield with his team in January through the purchase of Freddie Guarini Milan "Inter" 15 million pounds.</p>', '<p><img alt="" src="http://foot/back-end/load_img/5607-guarin-1.jpg" style="float:left; height:152px; width:202px" />Головний тренер &quot;Челсі&quot; Жозе Моуріньо сподівається ще більш наситити півзахист своєї команди за допомогою січневої покупки Фредді Гуаріна з міланського &quot;Інтера&quot; за 15 мільйонів фунтів.</p>', '<p>As the The Guardian, "blue" already made its proposal to Guarini, but from the amount of 12 million pounds of "Inter" refused. In the near future Mourinho will increase rate, and expected additional three million should be sufficient for the transaction.</p>\n\n<p>27-year-old Colombian represents a universal midfielder. And if some of the attacking midfielders in "Chelsea" deficiency is observed, in the supporting area is not so smooth: Ramires plays little or no respite, Frank Lampard are 35, John Obi Mikel is unstable and Marco van Ginkel No cruciate ligament injury of the knee. Freddie helps relieve tension in the area.</p>\n\n<p> Add that Huarian stands for "Inter" since 2012. Previously, Freddie defended the colors "Saint Etienne" and "Port". Interest in Colombian except "Chelsea" showing some other clubs, including the "Manchester United".</p>', '<p>Як стало відомо The Guardian, &quot;сині&quot; вже зробили свою пропозицію по Гуарін, але від суми в 12 млн. фунтів &quot;Інтер&quot; відмовився. Найближчим часом Моуріньо підвищить ставку, і, як очікується, трьох додаткових мільйонів має вистачити для здійснення угоди.</p>\r\n\r\n<p>27-річний колумбієць представляє з себе універсального півзахисника. І якщо серед атакуючих півзахисників у &quot;Челсі&quot; дефіциту не спостерігається, то в опорній зоні не все так гладко: Рамірес грає практично без перепочинку, Френку Лемпарду вже 35, Джон Обі Мікел нестабільний, а Марко Ван Гінкель відсутня з травмою хрестоподібних зв&#39;язок коліна. Фредді допоможе зняти напругу в цій зоні.</p>\r\n\r\n<p>Додамо, що Гуаріан виступає за &quot;Інтер&quot; з 2012 року. Раніше Фредді захищав кольори &quot;Сент-Етьєна&quot; і &quot;Порту&quot;. Інтерес до колумбійцю крім &quot;Челсі&quot; проявляють і деякі інші клуби, включаючи &quot;Манчестер Юнайтед&quot;.</p>', 7, '2013-12-17 17:44:44', 1, 'post'),
(7, 'Makkay not receive "any penny" in winter transfer', 'Маккай не отримає "ні пенні" на зимові трансфери', '<p><img alt="" src="http://foot/back-end/load_img/6197-Tan1.jpg" style="float:left; height:152px; width:202px" />Relationships mentor "Cardiff" Malki McKay and club owner Vincent Tan had reached their lowest point - Malaysian businessman has publicly criticized the coach and deprived of funds for summer transfers.</p>', '<p><img alt="" src="http://foot/back-end/load_img/6197-Tan1.jpg" style="float:left; height:152px; width:202px" />Відносини наставника &quot;Кардіффа&quot; Малки Макка і власника клубу Вінсента Тана досягли своєї нижчої точки - малайзійський бізнесмен публічно розкритикував тренера і позбавив того коштів на зимові трансфери.</p>', '<p>Eve edition of Daily Mail reported that the scandalous dismissal from office by John Moody, Director of signing players before this season actually was caused by too large amount of money spent in the summer to strengthen the structure.</p>\n\n<p>also cited the words of its intention to purchase Mackay has three newcomers in January. However, these comments are only angered Tan.</p>\n\n<p>"Mr. Tan is deeply disappointed that the coach speaks about new acquisitions before discussed with the club means available. He believes that so unfair rising expectations of fans and the club is under pressure, which could have been avoided ".</p>\n\n<p>"Overspending extra 15 million pounds deeply upset Mr Tan, which resulted in the dismissal of John Moody as director of signing players. In this situation, the owner decided that in January, a coach will be no penny of the available funds ", - reads the statement of the Executive Director of" Cardiff " Simon Lima.</p>', '<p>Напередодні видання Daily Mail повідомило, що скандальне звільнення Яна Муді з поста директора з підписання гравців раніше в нинішньому сезоні насправді було викликано занадто великою сумою грошей, витраченої влітку на посилення складу.</p>\r\n\r\n<p>Також наводилися слова самого Макка про намір докупити ще трьох новачків у січні. Однак ці коментарі лише розлютили Тана.</p>\r\n\r\n<p>&quot;Містер Тан глибоко засмучений, що тренер висловлюється з приводу нових придбань до того, як обговорила з клубом доступні засоби. Він вважає, що таким чином нечесним шляхом підвищуються очікування вболівальників, а клуб опиняється під тиском, якого можна було уникнути&quot;.</p>\r\n\r\n<p>&quot;Перевитрата зайвих 15 мільйонів фунтів глибоко засмутило містера Тана, що вилилося у звільнення Яна Муді з поста директора з підписання гравців. У такій ситуації власник вирішив, що в січні у тренера не буде ні пенні з доступних засобів&quot;, - свідчить заява виконавчого директора &quot;Кардіффа&quot; Саймона Ліма.</p>', 7, '2013-12-17 17:46:05', 1, 'post'),
(8, 'Drogba: "I am a happy man"', 'Дрогба: "Я щаслива людина"', '<p><img alt="" src="http://foot/back-end/load_img/8476-drogba-1.jpg" style="float:left; height:152px; width:202px" />Forward "Galatasaray" Didier Drogba has admitted that he considered himself "the happiest man ''No anticipation of 1/8 finals of the Champions League against the "Chelsea".</p>', '<p><img alt="" src="http://foot/back-end/load_img/8476-drogba-1.jpg" style="float:left; height:152px; width:202px" />Нападник &quot;Галатасарая&quot; Дідьє Дрогба зізнався, що вважає себе &quot;найщасливішою людиною&quot; від передчуття двох матчів 1/8 фіналу Ліги Чемпіонів проти &quot;Челсі&quot;.</p>', '<p>March 18 Didier with his current team, please visit the "Stamford Bridge", where he spent the best years of his career. In May 2012 it was Drogba helped "blue" win the first trophy in their history of the Champions League. Now ivuariyets is in anticipation of the upcoming matches.</p>\n\n<p>"That''s the draw. I am the happiest man in this tournament. In both games I play at home! See you in a few months ", - told Drogba through his official account on Instagram.</p>', '<p>18 березня Дідьє разом зі своєю нинішньою командою завітає на &quot;Стемфорд Бридж&quot;, де він провів найкращі роки своєї кар&#39;єри. У травні 2012 саме Дрогба допоміг &quot;синім&quot; завоювати перший у своїй історії трофей Ліги Чемпіонів. Зараз івуарієць перебуває в передчутті майбутніх матчів.&nbsp;</p>\r\n\r\n<p>&quot;Ось це жеребкування. Я найщасливіший чоловік у цьому турнірі. В обох матчах я буду грати вдома! Побачимося через кілька місяців&quot;, - повідав Дрогба через свій офіційний акаунт в Instagram.</p>', 17, '2013-12-17 17:47:05', 1, 'post'),
(9, 'Pellegrini wants to win the League Cup', 'Пеллегріні хоче виграти Кубок Ліги', '<p><img alt="" src="http://foot/back-end/load_img/2979-pell2.jpg" style="float:left; height:152px; width:202px" />Activ coach "Manchester City" Manuel Pellegrini wants his first trophy at the new place of work is the League Cup.</p>', '<p><img alt="" src="http://foot/back-end/load_img/2979-pell2.jpg" style="float:left; height:152px; width:202px" />Головний тренер &quot;Манчестер Сіті&quot; Мануель Пеллегріні хоче, щоб його першим трофеєм на новому місці роботи став Кубок Ліги.</p>', '<p>A\nway Tuesday in opposition to "Lester" "Townspeople" compete for the semifinals of the League Cup. Long bench allows "City" successfully fight on all fronts, and Pellegrini has set his team to the trophy.</p>\n\n<p>"I think it''s important cup. Therefore, from the outset, we want to play the strongest composition. If we achieve victory over the "Lester" and other teams win their matches in the semifinals important team can come together ".</p>\n\n<p>"We hope to continue his performance in this tournament, and the finale to the" Wembley " - Is always an important goal "- quoted Pellegrini Daily Mirror.</p>', '<p>У вівторок у виїзному протистоянні з &quot;Лестером&quot; &quot;городяни&quot; розіграють путівку в півфінал Кубка Ліги. Довга лава дозволяє &quot;Сіті&quot; з успіхом боротися на всіх фронтах, і Пеллегріні ставить перед своєю командою взяти цей трофей.</p>\r\n\r\n<p>&quot;Думаю, це важливий кубок. Саме тому, з самого початку, ми прагнемо грати найсильнішим складом. Якщо ми доб&#39;ємося перемоги над &quot;Лестером&quot;, а інші команди виграють свої матчі, у півфіналах можуть зійтися важливі команди&quot;.</p>\r\n\r\n<p>&quot;Ми сподіваємося, що продовжить свій виступ у цьому турнірі, а фінал на &quot;Уемблі&quot; - це завжди важлива мета&quot;, - цитує Пеллегріні Daily Mirror.</p>', 18, '2013-12-17 17:48:53', 1, 'post'),
(10, '"Napoli" wants to rent Agger', '"Наполі" хоче орендувати Аггера', '<p><img alt="" src="http://foot/back-end/load_img/6676-brendan-1.jpg" style="float:left; height:152px; width:202px" />Helmsman "Liverpool" Brendan Rodgers said he did not want to think about the chances of his team to the league title in the Premier League this season.</p>', '<p><img alt="" src="http://foot/back-end/load_img/3174-agger-1.jpg" style="float:left; height:152px; width:202px" />У понеділок офіційні особи &quot;Наполі&quot; вийшли на контакт з &quot;Ліверпулем&quot; щодо оренди захисника Даніеля Аггера до кінця сезону, стверджує The Guardian.</p>', '<p>Last summer Agger not only rejected the interest of "Barcelona", but was appointed vice-captain. It seemed that Daniel becomes the undisputed leader of the "Liverpool".</p>\n\n<p>Recently, however, 29-year-old Dane lost his place in the team from Brendan Rodgers. In this situation, Agger ready to help out his former coach Rafael Benitez, who now heads the "Napoli".</p>\n\n<p>Note that most Agger playing competition not only Mamadou Sako and Martin ?krtel, but even Kolo Toure, who Rogers chose instead to Daniel''s recent Premier League match against "Hull". Position "Liverpool" Related results for "Napoli" is not yet clear.</p>', '<p>Минулого літа Аггер не тільки відкинув інтерес &quot;Барселони&quot;, але і був призначений віце-капітаном команди. Здавалося, Даніель стає беззаперечним лідером &quot;Ліверпуля&quot;.</p>\r\n\r\n<p>Проте останнім часом 29-річний датчанин втратив місце в основі команди Брендана Роджерса. У такій ситуації виручити Аггера готовий його колишній тренер Рафаель Бенітес, який нині очолює &quot;Наполі&quot;.</p>\r\n\r\n<p>Відзначимо, що найчастіше Аггер програє конкуренцію не тільки Мамаду Сако і Мартіну Шкртел, а й навіть Коло Туре, якого Роджерс вважав за краще замість Даніеля на недавній матч Прем&#39;єр-Ліги проти &quot;Халла&quot;. Позиція &quot;Ліверпуля&quot; щодо запиту &quot;Наполі&quot; поки не ясна.</p>', 10, '2014-05-01 19:30:55', 1, 'post'),
(11, 'Rogers does not want to think about the odds "Liverpool" in the title', 'Роджерс не хоче розмірковувати про шанси "Ліверпуля" на титул', '<p><img alt="" src="http://foot/back-end/load_img/1275-Mourinho.jpg" style="float:left; height:152px; width:202px" />Head Coach "Chelsea" Jose Mourinho advised his colleague to "Sunderland" Gus Poyyet expose young people for today''s match of the League Cup.</p>', '<p><img alt="" src="http://foot/back-end/load_img/6676-brendan-1.jpg" style="float:left; height:152px; width:202px" />Рульовий &quot;Ліверпуля&quot; Брендан Роджерс заявив, що не хоче розмірковувати про шанси своєї команди на чемпіонський титул Прем&#39;єр-Ліги в нинішньому сезоні.</p>', '<p>D\nefeating Sunday "Tottenham" with a score of 0:5, "red" close to the top of the Premier League at the distance of two points. The quality of play positive sign for the future "Liverpool", but Rogers does not want to get ahead of ourselves.</p>\n\n<p>"To be honest, we do not even think about it (the title). We are working on our style of football and we move forward. You can claim the fourth, third or second, but ultimately you want to win the league ".</p>\n\n<p>"In the season before my arrival we were eight, then last season we finished seventh. If you look realistically and assess the depth of some other teams, we just have to continue to fight "- quoted by Rogers Sky Sports.</p>', '<p>Розгромивши в неділю &quot;Тоттенхем&quot; з рахунком 0:5, &quot;червоні&quot; наблизилися до вершини Прем&#39;єр-Ліги на відстань у два очки. Якість гри дозволяє оптимістично оцінювати подальші перспективи &quot;Ліверпуля&quot;, але Роджерс не хоче забігати вперед.</p>\r\n\r\n<p>&quot;Якщо чесно, ми навіть не думаємо про це (про титул). Ми працюємо над нашим стилем футболу і рухаємося вперед. Ти можеш претендувати на четверте місце, третє чи друге, але в кінцевому рахунку ти хочеш виграти лігу&quot;.</p>\r\n\r\n<p>&quot;У сезон до мого приходу ми були восьмими, потім в минулому сезоні ми фінішували сьомими. Якщо дивитися реалістично і оцінювати глибину складу деяких інших команд, то нам просто потрібно продовжувати битися&quot;, - цитує Роджерса Sky Sports.</p>', 7, '2013-12-17 17:51:45', 1, 'post'),
(12, 'Mourinho advises Poyyetu put on reserve match "Chelsea"', 'Моуріньо радить Пойєту виставити резерв на матч з "Челсі"', '<p><img alt="" src="http://foot/back-end/load_img/3486-Bayern Munich.jpg" style="float:left; height:152px; width:202px" />Managers and players "Bavaria" expressed regret that the draw brought them in 1/8 finals of the Champions League, "Arsenal".</p>', '<p><img alt="" src="http://foot/back-end/load_img/1275-Mourinho.jpg" style="float:left; height:152px; width:202px" />Головний тренер &quot;Челсі&quot; Жозе Моуріньо порадив своєму колезі з &quot;Сандерленда&quot; Гусу Пойєт виставити молодь на сьогоднішній матч Кубка Ліги.</p>', '<p>"Black Cats" continue to wallow in the relegation zone of the Premier League, behind the saving of 17th place on five points. And Mourinho believes that "Sunderland" need to look after the major players and put the match with his team of reservists.</p>\n\n<p>"When Gus asks me board, I''ll do it. He needs to avoid a departure from the Premier League, so our game it should expose youth players and to spare the foundation for the next weekend, "- Mourinho told The Guardian.</p>', '<p>&quot;Чорні коти&quot; продовжують борсатися в зоні вильоту Прем&#39;єр-Ліги, відстаючи від рятівного 17-го місця на п&#39;ять очок. І Моуріньо вважає, що &quot;Сандерленду&quot; потрібно поберегти основних гравців і виставити на матч з його командою резервістів.&nbsp;</p>\r\n\r\n<p>&quot;Якщо Гус попросить у мене ради, то я зроблю це. Йому потрібно уникнути вильоту з Прем&#39;єр-Ліги, тому на нашу гру він повинен виставити гравців академії і поберегти основу до наступних вихідних&quot;, - повідомив Моуріньо The Guardian.</p>', 18, '2013-12-17 17:53:39', 1, 'post'),
(13, 'The "Bavaria" fear of a new meeting with the "Arsenal"', 'В "Баварії" побоюються нової зустрічі з "Арсеналом"', '<p><img alt="" src="http://foot/back-end/load_img/7734-jm-1.jpg" style="float:left; height:152px; width:202px" />On the eve of today''s match Carling Cup against "Sunderland" mentor "Chelsea" Jose Mourinho has said he tunes in a serious way this tournament.</p>', '<p><img alt="" src="http://foot/back-end/load_img/3486-Bayern Munich.jpg" style="float:left; height:152px; width:202px" />Керівники і гравці &quot;Баварії&quot; висловили жаль, що жеребкування звело їх в 1/8 фіналу Ліги Чемпіонів з &quot;Арсеналом&quot;.</p>', '<p>"Bavaria" and "Arsenal" meet the first stage of the play-off round for the second year in a row. Given that the "Gunners" have made great progress recently, Bayern wary of meeting up with old friends.</p>\n\n<p>"That''s why I''m so afraid." Arsenal " - The strongest team that we could get. We will not underestimate his opponent "- quoted the president" Bavaria " Uli Hoeness Daily Mirror.</p>\n\n<p>"We are obviously not happy lot, because wanted to avoid meeting with the" Arsenal " and "Milan". Londoners look much stronger than last year "- said Munich defender Dante.</p>\n\n<p>"They are the strongest contenders, where we could get. They completely went away from what happened to them last season "- echoed another defender" Bavaria " Jerome Boateng.</p>', '<p>&quot;Баварія&quot; і &quot;Арсенал&quot; зустрінуться на першій стадії плей-офф Ліги вже другий рік поспіль. Враховуючи, що &quot;каноніри&quot; досягли великого прогресу останнім часом, мюнхенці побоюються зустрічі зі старими знайомими.</p>\r\n\r\n<p>&quot;Це те, чого я так боявся.&quot;Арсенал&quot; - найсильніша команда, яка могла нам дістатися. Ми не будемо недооцінювати свого суперника&quot;, - цитує президента &quot;Баварії&quot; Улі Хенесс Daily Mirror.</p>\r\n\r\n<p>&quot;Ми явно не раді жеребом, бо хотіли уникнути зустрічі з &quot;Арсеналом&quot; і &quot;Міланом&quot;. Лондонці виглядають набагато сильніше, ніж у минулому році&quot;, - заявив захисник мюнхенців Данте.</p>\r\n\r\n<p>&quot;Вони найсильніші суперники, на яких ми могли б потрапити. Вони повністю відійшли від того, що сталося з ними в минулому сезоні&quot;, - вторив інший захисник &quot;Баварії&quot; Джером Боатенг.</p>', 17, '2013-12-17 17:55:01', 3, 'post'),
(14, 'Mourinho ''hears'' League Cup final', 'Моуріньо "чує" фінал Кубка Ліги', '<p><img alt="" src="http://foot/back-end/load_img/5060-mesut-1.jpg" style="float:left; height:152px; width:202px" />Former striker ''Liverpool'' and "Manchester United" Michael Owen believes that midfielder Mesut Ozil is good enough to provide the "Arsenal" champion of the Premier League title this season.</p>', '<p><img alt="" src="http://foot/back-end/load_img/7734-jm-1.jpg" style="float:left; height:152px; width:202px" />Напередодні сьогоднішнього матчу Кубка Ліги проти &quot;Сандерленда&quot; наставник &quot;Челсі&quot; Жозе Моуріньо заявив, що він найсерйознішим чином налаштовується на цей турнір.</p>', '<p>In a situation where only three games separate the "blue" of finals and a trip to the "Wembley" Mourinho does not want to relax. Already Jose "hears" smell trophy.</p>\n\n<p>"It quarterfinals. When you''re in the quarter, can you hear smell finals. It is not too far. Let''s see whether this will be a stepping stone to our next match, but you can see which teams are gathered here ".</p>\n\n<p>"We''re going to" Sunderland ", and it is obvious that it will be very, very difficult, but apart from them there is" Tottenham "," West Ham "," Manchester United " And "Manchester City" ... It will be difficult. We''ll see how everything goes "- quoted Mourinho Goal.</p>', '<p>У ситуації, коли всього три матчі відділяють &quot;синіх&quot; від фіналу і поїздки на &quot;Уемблі&quot;, Моуріньо не хоче розслаблятися. Вже зараз Жозе &quot;чує&quot; запах трофея.</p>\n\n<p>&quot;Це чвертьфіналу. Коли ти в чвертьфіналі, ти чуєш запах фіналу. Він не так вже й далекий. Подивимося, чи стане цей матч нашим трампліном далі, але ви можете бачити, які команди тут зібралися&quot;.</p>\n\n<p>&quot;Ми їдемо до &quot;Сандерленду&quot;, і очевидно, що це буде дуже, дуже складно, але крім них тут є &quot;Тоттенхем&quot;, &quot;Вест Хем&quot;, &quot;Манчестер Юнайтед&quot; І &quot;Манчестер Сіті&quot;... Це буде складно. Подивимося, як все складеться&quot;, - цитує Моуріньо Goal.</p>', 18, '2013-12-17 17:57:02', 1, 'post'),
(15, 'Owen: "Ozil is good enough to provide the" Arsenal "title"', 'Оуен: "Озіл недостатньо хороший, щоб забезпечити" Арсеналу "титул"', '<p><img alt="" src="http://foot/back-end/load_img/4000-rooney-weir.jpg" style="float:left; height:152px; width:202px" />Former captain "Everton" David Weir is convinced that David Moyes will succeed at coaching bridge "Manchester United".</p>', '<p><img alt="" src="http://foot/back-end/load_img/5060-mesut-1.jpg" style="float:left; height:152px; width:202px" />Колишній нападник &quot;Ліверпуля&quot; і &quot;Манчестер Юнайтед&quot; Майкл Оуен вважає, що півзахисник Месут Озіл недостатньо хороший, щоб забезпечити &quot;Арсеналу&quot; чемпіонський титул Прем&#39;єр-Ліги в нинішньому сезоні.</p>', '<p>It should be noted that Ozil made a great contribution in the first position of "Arsenal" CSE conducted 16 rounds of the Premier League. However, Michael believes that even this will not help much buy "Gunners" take the title.</p>\n\n<p>"The" arsenal " students do not have enough players to keep Rowena of the main contenders for the title. Despite what some people tell me about world class Mesut Ozila its instability leads to the fact that we only see glimpses of his true class ".</p>\n\n<p>"in his usual good match should be a number of failed" - quoted by Owen Metro.</p>', '<p>Не можна не відзначити, що Озіл зробив великий внесок в першу позицію &quot;Арсенала&quot; посе 16 проведених турів Прем&#39;єр-Ліги. Проте Майкл вважає, що навіть ця значна покупка не допоможе &quot;канонірам&quot; взяти титул.</p>\r\n\r\n<p>&quot;У &quot;Арсенала&quot; немає достатнього класу гравців, щоб йти в ровень з головними претендентами на титул. Незважаючи на те, що деякі люди кажуть мені про світовий класі Месута Озіла, його нестабільність призводить до того, що ми лише проблисками бачимо його справжній клас&quot;.</p>\r\n\r\n<p>&quot;Звичайна за його хорошим матчем слід низка невдалих&quot;, - цитує Оуена Metro.</p>', 7, '2013-12-18 23:41:59', 1, 'post'),
(16, 'David Weir, "Moyes will be successful in Man"', 'Девід Вейр: "Мойес буде успішнім у МЮ"', '<p><img alt="" src="http://foot/back-end/load_img/4347-remy-2.jpg" style="float:left; height:152px; width:202px" />Head coach of "Newcastle" Alan Pardew does not believe that his team has become too dependent on the form of striker Lo?c R?my.</p>', '<p><img alt="" src="http://foot/back-end/load_img/4000-rooney-weir.jpg" style="float:left; height:152px; width:202px" />Колишній капітан &quot;Евертона&quot; Девід Вейр переконаний, що Девід Мойес досягне успіху на тренерському містку &quot;Манчестер Юнайтед&quot;.</p>', '<p>43-year-old spent five seasons Ueyr led by Moyes, and then joined the coaching staff "irysok" as a picture of the capabilities of the new steering champions of the Premier League.</p>\n\n<p>"Cream always pop up, and, of course, he has all the attributes to achieve huge success. There is no doubt that he will be successful there. It''s just a matter of patience and the fans of the club - sure, they will patient ".</p>\n\n<p>"They have a good club. Their story is that they support their coaches and give them time to develop. They are very careful in their choice and give time to the person who gets the job done. This past weekend they have achieved excellent results, and it will help, "- said in an interview Ueyr BBC Radio Scotland.</p>', '<p>43-річний Уейр провів п&#39;ять сезонів під керівництвом Мойеса, а потім увійшов до тренерського штабу &quot;ірисок&quot;, тому має уявлення про здібності нового рульового чемпіонів Прем&#39;єр-Ліги.</p>\n\n<p>&quot;Сливки завжди спливають наверх, і, безумовно, він володіє всіма атрибутами, щоб домогтися величезного успіху. Немає жодних сумнівів, що він буде там успішний. Це лише питання терпіння вболівальників та клубу - впевнений, вони будуть терплячі&quot;.</p>\n\n<p>&quot;У них хороший клуб. Їх історія така, що вони підтримують своїх тренерів і дають їм час на розвиток. Вони дуже уважні у своєму виборі і дають час людині, яка отримує роботу. У минулий вікенд вони домоглися відмінного результату, і це допоможе&quot;, - повідомив Уейр в інтерв&#39;ю BBC Radio Scotland.</p>', 7, '2014-05-15 12:27:16', 1, 'post'),
(17, 'Alan Pardew does not think ''Newcastle'' too dependent on Remy', 'Алан Пардью не вважає "Ньюкасл" занадто залежним від Ремі', '<p><img alt="" src="http://foot/back-end/load_img/4347-remy-2.jpg" style="float:left; height:152px; width:202px" />Head coach of &quot;Newcastle&quot; Alan Pardew does not believe that his team has become too dependent on the form of striker Lo?c R?my.</p>', '<p><img alt="" src="http://foot/back-end/load_img/4347-remy-2.jpg" style="float:left; height:152px; width:202px" />Головний тренер &quot;Ньюкасла&quot; Алан Пардью не вважає, що його команда стала надто залежною від форми нападаючого Лоїка Ремі.</p>', '<p>Last summer it was Remy, leased from CRC, knocked over the duties of the chief scorer "forty." This title got Lo?c without struggle: Papiss Cisse and Shola Ameobi still show an uncertain football.</p>\n\n<p>In the first 10 matches for "Newcastle" Remy scored eight goals, while the last four are not distinguished no time. However, Pardew does not believe that his team is dependent on the shape of 26-year-old Frenchman.</p>\n\n<p>"Our goals were as good between other players, and it would be nice to goals came from all parts of the field. But honestly, I do not think that we are too dependent on him. It is just the tip of our attacks ".</p>\n\n<p>"Being a born scorer, he gets most of our points. It plays very well, and we hope it will continue in the same spirit "- quoted Pardew BT Sport.rem</p>', '<p>Минулого літа саме Ремі, орендований у КПР, звалив на себе обов&#39;язки головного бомбардира &quot;сорок&quot;. Це звання дісталося Лоїку без боротьби: Папісс Сіссе і Шола Амеобі досі демонструють невиразний футбол.</p>\r\n\r\n<p>У 10 перших матчах за &quot;Ньюкасл&quot; Ремі забив вісім голів, тоді як у чотирьох останніх не відрізнився не разу. Проте, Пардью не вважає, що його команда залежна від форми 26 -річного француза.</p>\r\n\r\n<p>&quot;Наші голи непогано розподілилися між іншими гравцями, і було б приємно, щоб голи приходили з усіх ділянок поля. Однак, якщо чесно, я не думаю, що ми надто залежні від нього. Він просто є наконечником наших атак&quot;.</p>\r\n\r\n<p>&quot;Будучи природженим бомбардиром, він отримує більшу частину наших моментів. Він грає дуже добре, і ми сподіваємося, що він продовжить в тому ж дусі&quot;, - цитує Пардью BT Sport.rem</p>', 10, '2014-05-01 19:27:25', 1, 'post');
INSERT INTO `posts` (`post_id`, `post_title_en`, `post_title_ua`, `post_short_desc_en`, `post_short_desc_ua`, `post_full_desc_en`, `post_full_desc_ua`, `post_cat_id`, `post_date`, `post_author_id`, `post_status`) VALUES
(18, 'Vidic spared the imminent parting of Man', 'Відіч не шкодує про швидке розставання з МЮ', '<p><img alt="" src="http://foot/back-end/load_img/5493-NemanjaVidic.jpg" style="float:left; height:152px; width:202px" />On the eve of his final game at "Old Trafford" Captain "Manchester United" Nemanja Vidic said he did not regret his decision to leave the club.</p>', '<p><img alt="" src="http://foot/back-end/load_img/5493-NemanjaVidic.jpg" style="float:left; height:152px; width:202px" />Напередодні свого останнього матчу на &quot;Олд Траффорд&quot; капітан &quot;Манчестер Юнайтед&quot; Неманьї Відіч заявив, що не шкодує про своє рішення піти з клубу.</p>', '<p>Last summer it was Remy, leased from CRC, knocked over the duties of the chief scorer "forty." This title got Lo?c without struggle: Papiss Cisse and Shola Ameobi still show an uncertain football.</p>\n\n<p>In the first 10 matches for "Newcastle" Remy scored eight goals, while the last four are not distinguished no time. However, Pardew does not believe that his team is dependent on the shape of 26-year-old Frenchman.</p>\n\n<p>"Our goals were as good between other players, and it would be nice to goals came from all parts of the field. But honestly, I do not think that we are too dependent on him. It is just the tip of our attacks ".</p>\n\n<p>"Being a born scorer, he gets most of our points. It plays very well, and we hope it will continue in the same spirit "- quoted Pardew BT Sport.rem</p>', '<p>Ще в середині сезону стало відомо, що 32-річний серб уклав попередній контракт з міланським &quot;Інтером&quot;. З тих пір &quot;червоні дияволи&quot; попрощалися з Девідом Мойесом і зараз очікують приходу нового головного тренера.</p>\r\n\r\n<p>Прихід нового тренера, можливо, дозволив би Відічу почати все з чистого аркуша, але рішення вже прийнято, і Неманья ні про що не шкодує.</p>\r\n\r\n<p>&quot;Я не шкодую. Я завжди викладався на 100 відсотків, і проведене в цьому клубі час завжди буде найкращим періодом у моїй кар&#39;єрі. Це були чудові вісім років - або чудові сім років, тому що в даний момент ми виступаємо не так добре&quot;.</p>\r\n\r\n<p>&quot;Я ніколи не замислювався про те, щоб залишитися в Англії, оскільки єдиний клуб, за який я коли-небудь хотів виступати в цій країні, це &quot;Юнайтед&quot;. Мені пощастило бути частиною цього клубу так багато років&quot;.</p>\r\n\r\n<p>&quot;У мене залишилося так багато чудових спогадів. Я й уявити не міг, що виграю 15 трофеїв, включаючи п&#39;ять кубків Прем&#39;єр-Ліги і кубок Ліги Чемпіонів. Я виступав у видатного тренера і багато чому навчився - не тільки на полі, але і за його межами&quot;, - цитує Відіча Sky Sports.</p>\r\n\r\n<p>Нагадаємо, що в січні 2006 &quot;Юнайтед&quot; заплатив за Відіча московському &quot;Спартаку&quot; 7 мільйонів фунтів. З тих пір Неманья провів майже 300 матчів за клуб з &quot;Олд Траффорд&quot;.</p>', 7, '2014-05-15 11:58:04', 1, 'post'),
(19, 'Ryan Giggs ready to continue playing career', 'Райан Гіггз готовий продовжити ігрову кар''єру', '<p><img alt="" src="http://foot/back-end/load_img/7726-ryan2.jpg" style="float:left; height:152px; width:202px" />Acting head coach "Manchester United" Ryan Giggs ready to continue his playing career for another season.</p>', '<p><img alt="" src="http://foot/back-end/load_img/7726-ryan2.jpg" style="float:left; height:152px; width:202px" />Тимчасово виконуючий обов&#39;язки головного тренера &quot;Манчестер Юнайтед&quot; Райан Гіггз готовий продовжити свою ігрову кар&#39;єру ще на один сезон.</p>', '<p>In the remainder of the season <p>most 40-year-old Welshman managed by "Red Devils". But it is not Ryan lost his gaming skills he demonstrated zyavyvshys replacement in a match against "Hull" Tuesday night.</p>\n\n<p>As the Goal, next week''s "United" confirms signing with Louis Van Halem and Giggs will inform the new coach of his desire to play next season.</p>\n\n<p>However, if Van Gaal at the same time offer Giggs log in to your coaches, Ryan did not give up - earlier this season, with David Moyes at the helm of "United", the Welsh veteran has successfully served as a playing coach.</p>\n\n<p>also reported that Patrick Kluivert, the current assistant Van Gaal in the Dutch national team, who will not follow your boss to "Old Trafford".</p>', '<p>У залишку сезону саме 40-річний валлієць керує &quot;червоними дияволами&quot;. Але при цьому Райан не розгубив своїх ігрових якостей, що він продемонстрував, зявившись на заміну в матчі проти &quot;Халла&quot; у вівторок ввечері.</p>\n\n<p>Як стало відомо Goal, наступного тижня &quot;Юнайтед&quot; підтвердить підписання контракту з Луї Ван Галем, і Гіггз повідомить новому тренеру про своє бажання пограти в наступному сезоні.</p>\n\n<p>При цьому, якщо Ван Галь одночасно запропонує Гіггзу увійти в свій тренерський штаб, Райан не відмовиться - раніше в нинішньому сезоні, при Девід Мойес біля керма &quot;Юнайтед&quot;, валлійська ветеран з успіхом виконував роль граючого тренера.</p>\n\n<p>Також повідомляється, що Патрік Клюйверт, нинішній помічник Ван Галя в збірної Голландії, що не піде за своїм босом на &quot;Олд Траффорд&quot;.</p>', 7, '2014-05-15 12:25:07', 1, 'post'),
(20, 'Future Wenger does not depend on the final of the FA Cup', 'Майбутнє Венгера не залежить від фіналу Кубка Англії', '<p><img alt="" src="http://foot/back-end/load_img/972-arsene on finale.jpg" style="float:left; height:152px; width:202px" />Head coach of "Arsenal" Arsene Wenger has said that the outcome of the final match of the FA Cup against "Hull" will not have any impact on his future at the club.</p>', '<p><img alt="" src="http://foot/back-end/load_img/972-arsene on finale.jpg" style="float:left; height:152px; width:202px" />Головний тренер &quot;Арсеналу&quot; Арсен Венгер заявив, що результат фінального матчу Кубка Англії проти &quot;Халла&quot; не матиме ніякого впливу на його майбутнє в клубі.</p>', '<p>Despite the fact that the "Gunners" left to spend just one game this season, the Frenchman has not yet extended the contract expires in the summer. According to some, Wenger wants to wait for the outcome of this match before you decide.</p>\n\n<p>However, in reality the outcome of Saturday''s game in which "Arsenal" might disrupt their bestrofeynuyu drought future Wenger does not depend.</p>\n\n<p>"The result of the final of the FA Cup will not have any effect on my future in the" Arsenal ". Given the fact that I have been working here 18 years, it would be a bit ridiculous to make decisions based on the outcome of one match ".</p>\n\n<p>"Will I be the head coach of" Arsenal " next season? Yes. Work in this direction is not over yet, but it should happen "- said Wenger Eurosport.</p>', '<p>Незважаючи на те, що &quot;канонірам&quot; залишилося провести всього одну гру в цьому сезоні, француз досі не продовжив закінчується влітку контракт. На думку деяких, Венгер хоче дочекатися результату цього матчу перед тим, як прийняти рішення.</p>\r\n\r\n<p>Однак насправді від результату суботньої гри, в якій &quot;Арсенал&quot; може перервати свою бестрофейную посуху, майбутнє Венгера ніяк не залежить.</p>\r\n\r\n<p>&quot;Результат фіналу Кубка Англії не матиме жодного впливу на моє майбутнє в &quot;Арсеналі&quot;. З урахуванням того, що я працюю тут 18 років, було б трохи смішно приймати рішення, грунтуючись на результат одного матчу&quot;.</p>\r\n\r\n<p>&quot;Чи буду я головним тренером &quot;Арсеналу&quot; в наступному сезоні? Так. Робота в цьому напрямку ще не закінчена, але це має статися&quot;, - повідомив Венгер Eurosport.</p>', 20, '2014-05-16 19:36:27', 1, 'post'),
(21, 'Giggs retired', 'Гіггз завершив кар''єру', '<p><img alt="" src="http://foot/back-end/load_img/1803-237747.jpg" style="float:left; height:152px; width:202px" />"I represented the best club in the world in 963 matches and 64 times the national team of Wales. For me it''s a huge pride, joy and honor" - said the 40-year-old Welshman DOJ official website.</p>', '<p><img alt="" src="http://foot/back-end/load_img/1803-237747.jpg" style="float:left; height:152px; width:202px" />&quot;Я представляв кращий клуб в світі в 963 матчах і 64 рази збірну Уельсу. Для мене це величезна гордість, радість і честь&quot;, - сказав 40-річний валлієць офіційному сайту МЮ.</p>', '<p>"Today I open a new chapter, and I was overwhelmed with emotions - immense pride, sadness, but, above all, anticipation of future work".</p>\n\n<p>Giggs spent the entire 23-year career at Manchester United and became the club''s record for the number of matches and the most titled player in England.</p>\n\n<p>Four final match of last season, he served as manager of Manchester United after the release of David Moyyesa.</p>', '<p>&quot;Сьогодні я відкриваю нову главу, і мене переповнюють емоції - безмірна гордість, смуток, але, в першу чергу, передчуття майбутньої роботи&quot;.&nbsp;</p>\r\n\r\n<p>Гіггз провів всю 23-річну кар&#39;єру в Манчестер Юнайтед і став рекордсменом клубу за кількістю матчів і найтитулованішим гравцем в Англії.&nbsp;</p>\r\n\r\n<p>У чотирьох заключних матчах минулого сезону він виконував обов&#39;язки менеджера МЮ після звільнення Девіда Мойєса.</p>', 7, '2014-05-19 18:46:19', 1, 'post'),
(22, 'Dnepr is silver', 'Дніпро бере срібло', '<p><img alt="" src="http://foot/back-end/load_img/2887-237650.jpg" style="float:left; height:152px; width:202px" />Desperate for the league title, the fans and players of the Dnieper saved the other end. In the second place, which entitles you to try your hand at the main club competitions tournament. To do this, Dnipro was enough to beat Metallurg Donetsk home arena.</p>', '<p><img alt="" src="http://foot/back-end/load_img/2887-237650.jpg" style="float:left; height:152px; width:202px" />Втративши надію на чемпіонський титул, вболівальники і футболісти Дніпра зберегли іншу надію. На другу сходинку, яка дає право спробувати свої сили в головному єврокубковому турнірі. Для цього дніпрянам було достатньо переграти на домашній арені донецький Металург.</p>', '<p>Starting minutes of the meeting made it clear that psychological exercises wards Juande Ramos had "excellent". From the first whistle Yuri Mozharovsky home team ran forward and began to actively pressure on the opposing team in their half of the field.</p>\n\n<p>visitors to this pace, it seemed, were not prepared because they had folyty. And the other "standard" at the gate Pankiva completed goal. After submitting Kravchenko Metallurg none of the players could not defuse the situation, the ball was Zhuliano and accurate shot in the left bottom corner from you.</p>\n\nAlmost immediately <p>Dnipro could double their lead after another free kick, but no Matheus or Kankava beat the visitors'' keeper could not.</p>\n\n<p>open an account, Juande Ramos made small changes dispatching forward Matheus and cuckoo - the right flank midfield. Thus the Spanish expert clearly intended to rely on quick counterattacks. But their second goal scored again after Dnepr "standard". Again it at your expense recorded Zhuliano. The Brazilian was the first to arrange after unsuccessful removal of competitors and accurate shot into the bottom corner. Pankiv tried to save, but to help out his team could not.</p>\n\n<p>Dnipro dominated, but before the whistle for the break unexpectedly missed. Morozyuk handed corner, the partners have made basketball a barrier for O''Dea, and he calmly shot goal from seven yards Boyko.</p>\n\n<p>intrigue, however, remained long: too great was the home side''s desire to win. Perepochyvshy in the second half, they again took up the defense of Metallurg cause problems and soon opened the scoring. Linnet to rate slipped Plyatsykas cool and almost from the front katnuv ball across to Matheus lonely. So do not miss left with just a few meters.</p>\n\n<p>In the second half the team Tashuyeva only a few minutes grabbed the initiative, but in general the Dnieper was much stronger in attack. More it was disappointed Moraes, who probably wanted to return to the first position in bombardirskih race. Ended the fact that the Brazilian after long ball forward roughly played against Boyko, after which he was removed. Mazuch, vstupyvshyysya by the keeper, also received a red card.</p>\n\n<p>This, in fact, all for metallurgists and over. After losing his best player donchane lowered his hands and corny dohraly match before the final whistle. Dnepr is to Courage to score a fourth, but it was quite necessary. Champions in Dnepropetrovsk!</p>', '<p>Стартові хвилини зустрічі ясно дали зрозуміти, що психологічну зарядку підопічні Хуанде Рамоса провели на &quot;відмінно&quot;. З першого свистка Юрія Можаровського господарі поля побігли вперед і почали активно пресингувати суперників на їхній половині поля.</p>\r\n\r\n<p>Гості до такого темпу, як здалося, були не готові, через що їм довелося фолити. І вже другий &quot;стандарт&quot; біля воріт Паньківа завершився взяттям воріт. Після подачі Кравченко ніхто з гравців Металурга не зміг розрядити ситуацію, на м&#39;ячі виявився Жуліано і точно пробив у лівий від себе нижній кут.</p>\r\n\r\n<p>Майже відразу Дніпро міг подвоювати свою перевагу після ще одного розіграшу штрафного, але ні Матеус, ні Канкава переграти кіпера гостей не змогли.</p>\r\n\r\n<p>Відкривши рахунок , Хуанде Рамос зробив невеликі зміни , відрядивши вперед Матеуса, а Зозулю - на правий фланг півзахисту. Таким чином іспанський фахівець явно мав намір робити ставку на швидкі контратаки. Але свій другий м&#39;яч Дніпро забив знову після &quot;стандарту&quot;. І знову його на свій рахунок записав Жуліано. Бразилець виявився першим на підборі після невдалого виносу від суперників і точно пробив у нижній кут. Паньків постарався врятувати , але виручити свою команду не зміг.</p>\r\n\r\n<p>Дніпро домінував, однак перед свистком на перерву несподівано пропустив. Морозюк подав кутовий, партнери зробили баскетбольний заслін для О&#39;Ді, а той спокійно розстріляв ворота Бойко метрів з семи.</p>\r\n\r\n<p>Інтрига, правда, зберігалася недовго: надто вже велике було бажання господарів поля перемогти. Перепочивши, у другому таймі вони знову взялися створювати проблеми обороні Металурга і незабаром відкрили рахунок. Коноплянка на швидкості класно проскочив Пляцикас і майже від лицьової катнув м&#39;яч поперек на самотнього Матеуса. Тому залишалося не промахнутися з лічених метрів.</p>\r\n\r\n<p>У другому таймі команда Ташуєва лише на кілька хвилин перехопила ініціативу, але в цілому Дніпро виглядав значно сильніше в атаці. Більше за інших цим був розчарований Мораес, який напевно бажав повернутися на першу сходинку в бомбардирських перегонах. Завершилося це тим, що бразилець після довгої передачі вперед грубо зіграв проти Бойка, після чого був вилучений. Мазух, вступившийся за кіпера, також отримав червону картку.</p>\r\n\r\n<p>На цьому, власне кажучи, все для Металурга і закінчилося. Втративши свого кращого гравця, донеччани опустили руки і банально дограли матч до фінального свистка. Дніпро ж на куражі міг забити і четвертий, але це було вже зовсім необов&#39;язково. Ліга чемпіонів у Дніпропетровську!</p>', 13, '2014-05-19 18:51:01', 1, 'post'),
(23, 'Van Gaal wants to return "United" on top', 'Ван Галь хоче повернути "Юнайтед" на вершину', '<p><img alt="" src="http://foot/back-end/load_img/258-lvg3.jpg" style="float:left; height:152px; width:202px" />New head coach, "Manchester United" Louis van Gaal announced his desire to return to his club in a leading position.</p>', '<p><img alt="" src="http://foot/back-end/load_img/258-lvg3.jpg" style="float:left; height:152px; width:202px" />Новий головний тренер &quot;Манчестер Юнайтед&quot; Луї Ван Галь заявив про своє бажання повернути свій клуб на провідні позиції.</p>', '<p>After disastrous season under the direction of David Moyyesa "Red Devils" had to start another one, this time unplanned, restructuring and hire the services of an experienced Van Gaal.</p>\n\n<p>On Monday Van Gaal signed a 3-year contract with " United ", and then announced his intention to restore the status of the club.</p>\n\n<p>"My goal - to bring them back to the position of number one as soon as possible, because there were at Sir Alex Ferguson. "United" - the biggest club in the world. Wise in terms of marketing, but also look at their budget. They must hold a high place "- quoted by Van Gaal The Telegraph.</p>\n\n<p>62-year-old Dutchman also admitted that the alternative to moving to Manchester for him was retirement.</p>\n\n<p>"Or I complete career and sent to England. My wife Truus wanted me retired. But now we go to England, "- told Louis.</p>\n\n<p>Finally, Van Gaal confirmed that he had already discussed with the Executive Director of Edom Woodward transfer plans "devils" for the summer.</p>\n\n<p>"We''re not talking about money. We talked about the players I want. Let''s see if we can get them. We also talked about those who can go, "- said Van Gaal.</p>', '<p>Після провального сезону під керівництвом Девіда Мойєса &quot;червоні дияволи&quot; були змушені почати ще одну, цього разу незаплановану, перебудову і вдатися до послуг досвідченого Ван Галя.</p>\n\n<p>У понеділок Ван Галь уклав 3 -річний контракт з &quot; Юнайтед&quot;, після чого повідомив про свій намір відновити колишній статус клубу.</p>\n\n<p>&quot;Моя мета - знову повернути їх на позицію номер один як можна швидше, бо там вони були при сера Алекса Фергюсона. &quot;Юнайтед&quot;- найбільший клуб в світі. Мудрий з точки зору маркетингу, але також погляньте на їх бюджет. Вони повинні займати високе місце&quot;, - цитує Ван Галя The Telegraph.</p>\n\n<p>62-річний голландець також зізнався, що альтернативою переїзду в Манчестер для нього було завершення кар&#39;єри.</p>\n\n<p>&quot;Або я завершую кар&#39;єру, або вирушаю до Англії. Моя дружина Труус хотіла, щоб я завершив кар&#39;єру. Але тепер ми вирушаємо в Англію&quot;, - повідав Луї.</p>\n\n<p>Нарешті, Ван Галь підтвердив інформацію про те, що він вже встиг обговорити з виконавчим директором Едом Вудвордом трансферні плани &quot;дияволів&quot; на літо.</p>\n\n<p>&quot;Ми не говорили про гроші. Ми говорили про гравців, яких я хочу. Подивимося, чи зможемо ми їх дістати. Ми також говорили про тих, хто може піти&quot;, - додав Ван Галь.</p>', 7, '2014-05-20 13:30:30', 1, 'post');

-- --------------------------------------------------------

--
-- Структура таблицы `user`
--

CREATE TABLE IF NOT EXISTS `user` (
  `u_id` smallint(5) unsigned NOT NULL AUTO_INCREMENT,
  `u_login` varchar(100) NOT NULL,
  `u_email` varchar(100) NOT NULL,
  `u_pass` varchar(255) NOT NULL,
  `u_sex` enum('Мужчина','Женщина') DEFAULT NULL,
  `u_role` enum('user','admin') NOT NULL DEFAULT 'user',
  `u_avatar` varchar(100) DEFAULT NULL,
  PRIMARY KEY (`u_id`)
) ENGINE=InnoDB  DEFAULT CHARSET=cp1251 AUTO_INCREMENT=5 ;

--
-- Дамп данных таблицы `user`
--

INSERT INTO `user` (`u_id`, `u_login`, `u_email`, `u_pass`, `u_sex`, `u_role`, `u_avatar`) VALUES
(1, 'Andrey', 'andreyt007@gmail.com', 'b5e60fde2fcc3cd94fe550951fa577ebd141c9d7', 'Мужчина', 'admin', 'back-end/load_img/rooney.jpg'),
(2, 'Dasha', 'dasha@gmail.com', '7c4a8d09ca3762af61e59520943dc26494f8941b', 'Женщина', 'user', 'back-end/load_img/manchester-united-logo.png'),
(3, 'Sergey', 'sergey@mail.ru', '7c4a8d09ca3762af61e59520943dc26494f8941b', 'Мужчина', 'user', 'back-end/load_img/AC MILAN.gif'),
(4, 'test', 'tasd@a', '7c4a8d09ca3762af61e59520943dc26494f8941b', 'Мужчина', 'user', '');

--
-- Ограничения внешнего ключа сохраненных таблиц
--

--
-- Ограничения внешнего ключа таблицы `comments`
--
ALTER TABLE `comments`
  ADD CONSTRAINT `comments_ibfk_1` FOREIGN KEY (`comment_user_id`) REFERENCES `user` (`u_id`) ON DELETE CASCADE ON UPDATE NO ACTION,
  ADD CONSTRAINT `comments_ibfk_2` FOREIGN KEY (`comment_post_id`) REFERENCES `posts` (`post_id`) ON DELETE CASCADE;

--
-- Ограничения внешнего ключа таблицы `league_tables`
--
ALTER TABLE `league_tables`
  ADD CONSTRAINT `league_tables_ibfk_1` FOREIGN KEY (`l_id`) REFERENCES `categories` (`cat_id`) ON DELETE NO ACTION ON UPDATE NO ACTION;

--
-- Ограничения внешнего ключа таблицы `posts`
--
ALTER TABLE `posts`
  ADD CONSTRAINT `posts_ibfk_3` FOREIGN KEY (`post_cat_id`) REFERENCES `categories` (`cat_id`) ON DELETE SET NULL ON UPDATE NO ACTION,
  ADD CONSTRAINT `posts_user_u_id` FOREIGN KEY (`post_author_id`) REFERENCES `user` (`u_id`) ON DELETE NO ACTION ON UPDATE NO ACTION;

/*!40101 SET CHARACTER_SET_CLIENT=@OLD_CHARACTER_SET_CLIENT */;
/*!40101 SET CHARACTER_SET_RESULTS=@OLD_CHARACTER_SET_RESULTS */;
/*!40101 SET COLLATION_CONNECTION=@OLD_COLLATION_CONNECTION */;
