-- phpMyAdmin SQL Dump
-- version 3.5.1
-- http://www.phpmyadmin.net
--
-- Хост: 127.0.0.1
-- Время создания: Май 27 2014 г., 15:46
-- Версия сервера: 5.5.25
-- Версия PHP: 5.3.13

SET SQL_MODE="NO_AUTO_VALUE_ON_ZERO";
SET time_zone = "+00:00";


/*!40101 SET @OLD_CHARACTER_SET_CLIENT=@@CHARACTER_SET_CLIENT */;
/*!40101 SET @OLD_CHARACTER_SET_RESULTS=@@CHARACTER_SET_RESULTS */;
/*!40101 SET @OLD_COLLATION_CONNECTION=@@COLLATION_CONNECTION */;
/*!40101 SET NAMES utf8 */;

--
-- База данных: `football`
--

-- --------------------------------------------------------

--
-- Структура таблицы `categories`
--

CREATE TABLE IF NOT EXISTS `categories` (
  `cat_id` tinyint(3) unsigned NOT NULL AUTO_INCREMENT,
  `cat_name` varchar(100) NOT NULL,
  `cat_parent` tinyint(3) unsigned DEFAULT '0',
  `cat_class` varchar(50) DEFAULT NULL,
  PRIMARY KEY (`cat_id`)
) ENGINE=InnoDB  DEFAULT CHARSET=cp1251 AUTO_INCREMENT=21 ;

--
-- Дамп данных таблицы `categories`
--

INSERT INTO `categories` (`cat_id`, `cat_name`, `cat_parent`, `cat_class`) VALUES
(1, 'Англія', 0, 'en'),
(2, 'Німеччина', 0, 'ger'),
(3, 'Росія', 0, 'ru'),
(4, 'Італія', 0, 'ital'),
(5, 'Іспанія', 0, 'spain'),
(6, 'Україна', 0, 'ua'),
(7, 'Прем''єр-ліга', 1, NULL),
(8, 'Чемпіоншип', 1, NULL),
(9, 'Бундесліга', 2, NULL),
(10, 'Серія А', 4, NULL),
(11, 'Прімера', 5, NULL),
(12, 'Прем''єр-ліга', 3, NULL),
(13, 'Прем''єр-ліга', 6, NULL),
(17, 'Ліга чемпіонів', 0, 'lc'),
(18, 'Кубок Лігі', 1, NULL),
(19, 'Кубок України', 6, ''),
(20, 'Кубок Англії', 1, NULL);

-- --------------------------------------------------------

--
-- Структура таблицы `comments`
--

CREATE TABLE IF NOT EXISTS `comments` (
  `comment_id` smallint(5) unsigned NOT NULL AUTO_INCREMENT,
  `comment_text` varchar(10000) NOT NULL,
  `comment_date` datetime NOT NULL,
  `comment_user_id` smallint(5) unsigned NOT NULL,
  `comment_post_id` smallint(5) unsigned NOT NULL,
  PRIMARY KEY (`comment_id`),
  KEY `comment_user_id` (`comment_user_id`,`comment_post_id`),
  KEY `comment_user_id_2` (`comment_user_id`,`comment_post_id`),
  KEY `comment_user_id_3` (`comment_user_id`),
  KEY `comment_post_id` (`comment_post_id`)
) ENGINE=InnoDB  DEFAULT CHARSET=cp1251 AUTO_INCREMENT=9 ;

--
-- Дамп данных таблицы `comments`
--

INSERT INTO `comments` (`comment_id`, `comment_text`, `comment_date`, `comment_user_id`, `comment_post_id`) VALUES
(1, 'Руні Супер!', '2014-02-09 17:46:25', 2, 16),
(2, 'Без Ремі Ньюкасл ніякий!', '2014-04-27 11:05:42', 1, 17),
(3, 'Звільнили вже Мойеса!', '2014-04-27 11:06:18', 1, 16),
(4, 'Вже Гіггз тренер', '2014-04-27 11:06:52', 2, 16),
(5, 'В Реалі був краще!', '2014-04-27 11:07:20', 1, 15),
(6, 'Відчув вже', '2014-04-27 12:35:37', 1, 14),
(7, 'Було б чудово, хочу бачити ще в якості гравця', '2014-05-08 18:18:56', 1, 19),
(8, 'Гіггз буде чудовим асистентом, а потім тренером!', '2014-05-19 18:53:42', 1, 21);

-- --------------------------------------------------------

--
-- Структура таблицы `league_tables`
--

CREATE TABLE IF NOT EXISTS `league_tables` (
  `l_id` tinyint(3) unsigned NOT NULL,
  `l_widget` text NOT NULL,
  PRIMARY KEY (`l_id`)
) ENGINE=InnoDB DEFAULT CHARSET=cp1251;

--
-- Дамп данных таблицы `league_tables`
--

INSERT INTO `league_tables` (`l_id`, `l_widget`) VALUES
(7, '<!-- BEGIN of Soccerway widget HTML fragment  -->\n<!-- Personal code for this widget: ZsXETtH5ofjZHZfEn -->\n<iframe src="http://widgets.soccerway.com/widget/free/classic/competition/8/#d=210x450&f=table,table_colmp&cbackground=FFFFFF&ctext=000000&ctitle=43853B&cshadow=DDF1D9&cbutton=FFFFFF&cbuttontext=000000&chighlight=FF0000&tbody_family=Tahoma,sans-serif&tbody_size=10&tbody_weight=normal&tbody_style=normal&tbody_decoration=none&tbody_transform=none&ttitle_family=Impact,sans-serif&ttitle_size=13&ttitle_weight=normal&ttitle_style=normal&ttitle_decoration=none&ttitle_transform=none&ttab_family=Tahoma,sans-serif&ttab_size=9&ttab_weight=normal&ttab_style=normal&ttab_decoration=none&ttab_transform=none" width="210" height="425" scrolling="no" frameborder="0" marginwidth="0" marginheight="0"></iframe>\n<!-- END of Soccerway widget HTML fragment -->'),
(8, '<!-- BEGIN of Soccerway widget HTML fragment  -->\n<!-- Personal code for this widget: ZsXETtH5ofjZHZfEn -->\n<iframe src="http://widgets.soccerway.com/widget/free/classic/competition/70/#d=210x450&f=table,table_colmp&cbackground=FFFFFF&ctext=000000&ctitle=43853B&cshadow=DDF1D9&cbutton=FFFFFF&cbuttontext=000000&chighlight=FF0000&tbody_family=Tahoma,sans-serif&tbody_size=10&tbody_weight=normal&tbody_style=normal&tbody_decoration=none&tbody_transform=none&ttitle_family=Impact,sans-serif&ttitle_size=13&ttitle_weight=normal&ttitle_style=normal&ttitle_decoration=none&ttitle_transform=none&ttab_family=Tahoma,sans-serif&ttab_size=9&ttab_weight=normal&ttab_style=normal&ttab_decoration=none&ttab_transform=none" width="210" height="430" scrolling="no" frameborder="0" marginwidth="0" marginheight="0"></iframe>\n<!-- END of Soccerway widget HTML fragment -->'),
(9, '<!-- BEGIN of Soccerway widget HTML fragment  -->\n<!-- Personal code for this widget: ZsXETtH5ofjZHZfEn -->\n<iframe src="http://widgets.soccerway.com/widget/free/classic/competition/9/#d=210x450&f=table,table_colmp&cbackground=FFFFFF&ctext=000000&ctitle=43853B&cshadow=DDF1D9&cbutton=FFFFFF&cbuttontext=000000&chighlight=FF0000&tbody_family=Tahoma,sans-serif&tbody_size=10&tbody_weight=normal&tbody_style=normal&tbody_decoration=none&tbody_transform=none&ttitle_family=Impact,sans-serif&ttitle_size=13&ttitle_weight=normal&ttitle_style=normal&ttitle_decoration=none&ttitle_transform=none&ttab_family=Tahoma,sans-serif&ttab_size=9&ttab_weight=normal&ttab_style=normal&ttab_decoration=none&ttab_transform=none" width="210" height="420" scrolling="no" frameborder="0" marginwidth="0" marginheight="0"></iframe>\n<!-- END of Soccerway widget HTML fragment -->'),
(10, '<!-- BEGIN of Soccerway widget HTML fragment  -->\n<!-- Personal code for this widget: ZsXETtH5ofjZHZfEn -->\n<iframe src="http://widgets.soccerway.com/widget/free/classic/competition/13/#d=210x450&f=table,table_colmp&cbackground=FFFFFF&ctext=000000&ctitle=43853B&cshadow=DDF1D9&cbutton=FFFFFF&cbuttontext=000000&chighlight=FF0000&tbody_family=Tahoma,sans-serif&tbody_size=10&tbody_weight=normal&tbody_style=normal&tbody_decoration=none&tbody_transform=none&ttitle_family=Impact,sans-serif&ttitle_size=13&ttitle_weight=normal&ttitle_style=normal&ttitle_decoration=none&ttitle_transform=none&ttab_family=Tahoma,sans-serif&ttab_size=9&ttab_weight=normal&ttab_style=normal&ttab_decoration=none&ttab_transform=none" width="210" height="425" scrolling="no" frameborder="0" marginwidth="0" marginheight="0"></iframe>\n<!-- END of Soccerway widget HTML fragment -->'),
(11, '<!-- BEGIN of Soccerway widget HTML fragment  -->\n<!-- Personal code for this widget: ZsXETtH5ofjZHZfEn -->\n<iframe src="http://widgets.soccerway.com/widget/free/classic/competition/7/#d=210x450&f=table,table_colmp&cbackground=FFFFFF&ctext=000000&ctitle=43853B&cshadow=DDF1D9&cbutton=FFFFFF&cbuttontext=000000&chighlight=FF0000&tbody_family=Tahoma,sans-serif&tbody_size=10&tbody_weight=normal&tbody_style=normal&tbody_decoration=none&tbody_transform=none&ttitle_family=Impact,sans-serif&ttitle_size=13&ttitle_weight=normal&ttitle_style=normal&ttitle_decoration=none&ttitle_transform=none&ttab_family=Tahoma,sans-serif&ttab_size=9&ttab_weight=normal&ttab_style=normal&ttab_decoration=none&ttab_transform=none" width="210" height="425" scrolling="no" frameborder="0" marginwidth="0" marginheight="0"></iframe>\n<!-- END of Soccerway widget HTML fragment -->'),
(12, '<!-- BEGIN of Soccerway widget HTML fragment  -->\n<!-- Personal code for this widget: ZsXETtH5ofjZHZfEn -->\n<iframe src="http://widgets.soccerway.com/widget/free/classic/competition/121/#d=210x450&f=table,table_colmp&cbackground=FFFFFF&ctext=000000&ctitle=43853B&cshadow=DDF1D9&cbutton=FFFFFF&cbuttontext=000000&chighlight=FF0000&tbody_family=Tahoma,sans-serif&tbody_size=10&tbody_weight=normal&tbody_style=normal&tbody_decoration=none&tbody_transform=none&ttitle_family=Impact,sans-serif&ttitle_size=13&ttitle_weight=normal&ttitle_style=normal&ttitle_decoration=none&ttitle_transform=none&ttab_family=Tahoma,sans-serif&ttab_size=9&ttab_weight=normal&ttab_style=normal&ttab_decoration=none&ttab_transform=none" width="210" height="370" scrolling="no" frameborder="0" marginwidth="0" marginheight="0"></iframe>\n<!-- END of Soccerway widget HTML fragment -->'),
(13, '<!-- BEGIN of Soccerway widget HTML fragment  -->\n<!-- Personal code for this widget: ZsXETtH5ofjZHZfEn -->\n<iframe src="http://widgets.soccerway.com/widget/free/classic/competition/125/#d=210x450&f=table,table_colmp&cbackground=FFFFFF&ctext=000000&ctitle=43853B&cshadow=DDF1D9&cbutton=FFFFFF&cbuttontext=000000&chighlight=FF0000&tbody_family=Tahoma,sans-serif&tbody_size=10&tbody_weight=normal&tbody_style=normal&tbody_decoration=none&tbody_transform=none&ttitle_family=Impact,sans-serif&ttitle_size=13&ttitle_weight=normal&ttitle_style=normal&ttitle_decoration=none&ttitle_transform=none&ttab_family=Tahoma,sans-serif&ttab_size=9&ttab_weight=normal&ttab_style=normal&ttab_decoration=none&ttab_transform=none" width="210" height="370" scrolling="no" frameborder="0" marginwidth="0" marginheight="0"></iframe>\n<!-- END of Soccerway widget HTML fragment -->');

-- --------------------------------------------------------

--
-- Структура таблицы `posts`
--

CREATE TABLE IF NOT EXISTS `posts` (
  `post_id` smallint(5) unsigned NOT NULL AUTO_INCREMENT,
  `post_title` varchar(255) NOT NULL,
  `post_short_desc` text NOT NULL,
  `post_full_desc` text NOT NULL,
  `post_cat_id` tinyint(3) unsigned DEFAULT NULL,
  `post_date` datetime NOT NULL,
  `post_author_id` smallint(5) unsigned NOT NULL,
  `post_status` enum('post','draft') DEFAULT 'post',
  PRIMARY KEY (`post_id`),
  KEY `posts_user_u_id` (`post_author_id`),
  KEY `post_status` (`post_status`),
  KEY `post_cat_id` (`post_cat_id`)
) ENGINE=InnoDB  DEFAULT CHARSET=cp1251 AUTO_INCREMENT=24 ;

--
-- Дамп данных таблицы `posts`
--

INSERT INTO `posts` (`post_id`, `post_title`, `post_short_desc`, `post_full_desc`, `post_cat_id`, `post_date`, `post_author_id`, `post_status`) VALUES
(2, 'Бакарі Санья готовий до матчу з "Сіті"', '<p><img alt="" src="http://foot/back-end/load_img/2352-Bacary.jpg" style="float:left; height:152px; width:202px" />Захисник &quot;Арсеналу&quot; Бакарі Санья пройшов фітнес-тест і відправився зі своєю командою на виїзний матч Прем&#39;єр-Ліги проти &quot;Манчестер Сіті&quot;, повідомляє Goal в ексклюзивному матеріалі.</p>', '<p>Правий захисник пропустив три останніх матчі свого клубу через травму задньої поверхні стегна. І якщо проти &quot;Халла&quot; змінник француза Карл Дженкинсон виглядав досить непогано, то проти команди рівня &quot;Наполі&quot; йому було вкрай важко.&nbsp;</p>\r\n\r\n<p>На щастя, Дженкинсон має всі шанси уникнути випробування &quot;Сіті&quot;, оскільки Бакарі домігся суттєвого прогресу у своєму відновленні. Очікується, що саме Санья вийде в стартовому складі на суботній матч.</p>', 7, '2013-12-13 19:11:02', 1, 'post'),
(3, 'Ван Персі пропустить місяць і дев''ять матчів МЮ', '<p><img alt="" src="http://foot/back-end/load_img/327-rvp3.jpg" style="float:left; height:152px; width:202px" />Нападник &quot;Манчестер Юнайтед&quot; Робін Ван Персі пропустить найближчий місяць через розтягнення м&#39;яза стегна.</p>', '<p>Як повідомляє BBC, дану травму 30-річний голландець отримав в минулий вівторок, виконуючи кутовий, з якого Філ Джонс забив єдиний гол у переможному для &quot;Юнайтед&quot; матчі Ліги Чемпіонів проти донецького &quot;Шахтаря&quot;.</p>\r\n\r\n<p>Втрата Ван Персі стане величезною проблемою для &quot;Юнайтед&quot;, адже в найближчий місяць - якщо буде здобута перемога над &quot;Стоук&quot; у чвертьфіналі Кубка Ліги - підопічним Девіда Мойєса належить провести дев&#39;ять матчів.</p>\r\n\r\n<p>Якщо прогнози докторів збудуться, Робін видужає лише до виїзного матчу Прем&#39;єр-Ліги проти &quot;Челсі&quot; 19 січня. Нагадаємо, що раніше в нинішньому сезоні Ван Персі вже пропустив кілька гри через проблеми з пахом і пальцями стопи.</p>', 7, '2013-12-13 19:19:21', 1, 'post'),
(4, 'Манчестер Юнайтед - Шахтар 1:0. Інтеграція в Лігу Європи', '<p><img alt="" src="http://foot/back-end/load_img/5062-2013-12-10_194618__max_gal.jpg" style="float:left; height:152px; width:202px" />Наставник манкуніанців Девід Мойес не здивував: стартовий склад &laquo;МЮ&raquo; являв собою чудовий зразок ротації - залишити кістяк (кіпера де Хеа, правого захисника Рафаела, дует центрдефів Фердінанд-Еванс, опорника Філа Джонса, плеймейкера Шінджі Кагаву і Уейна Руні на вістрі атаки), а далі можна варіювати.</p>', '<p>Патріс Евра не потрапив в заявку - зліва в захисті вийшов молодий німець Бюттнер. В опорній зоні - поєднання досвіду (Гіггз) і молодості (а також веселою физиогномики) - Філ Джонс. Зліва в півзахисті - Ешлі Янг, праворуч - бельгійський вундеркінд Аднан Янузай. Може, містер Мойес вирішив поставитися до &quot;Шахтаря&quot; абияк? Або, якщо вже &laquo;червоні дияволи&raquo; гарантували собі плей-офф, дати перепочити лідерам ? Сумнівно - рідною - то стадіоні не до експериментів, тим більше, що незабаром в АПЛ - &quot;Боксинг Дей&quot;; плюс програвати (нехай навіть чисто гіпотетично) втретє поспіль - а допитливі статистики підрахували, що такого давненько вже не було - явно не хотілося. Швидше, новий коуч манкуніанців залишив собі простір для маневру. Судіть самі, резерв у &quot;МЮ&quot; був з конкретним перекосом на атаку: Андерсон, Нані, Клеверлі, Валенсія, Ернандес, ван Персі - кого не випусти, все посилити можуть.</p>\r\n\r\n<p>А у &quot;Шахтаря&quot; все відносно передбачувано. І формація, і вибір виконавців. По суті, тільки три позиції були під питанням: у підсумку в опорній зоні влаштувався дует Степаненко - Фред (Хюбшман і Фернандо опинилися в запасі), а на місці лівого атакуючого півзахисника вийшов Тайсон. До речі, колега Швець вгадав зі Степаненко і Фредом, а от з Тайсоном - ні (мініатюрний багатомільйонний новачок Бернард розташувався на лавці запасних поруч з Феррейрою - другом і наступником Луїса Адріано).</p>', 17, '2013-12-13 20:53:35', 2, 'post'),
(5, 'Аднан Янузай вірить в Мойеса', '<p><img alt="" src="http://foot/back-end/load_img/8407-adnan-1.jpg" style="float:left; height:152px; width:202px" />Молодий півзахисник &quot;Манчестер Юнайтед&quot; Аднан Янузай висловив підтримку головному тренеру Девіду Мойесу&nbsp;і заявив, що вірить у здатність того вигравати трофеї.</p>', '<p>В даний момент &quot;червоні дияволи&quot; переживають не найкращий свій період після річного розставання з сером Алексом Фергюсоном. &quot;Юнайтед&quot; знаходиться в 10 окулярах позаду лідируючого &quot;Арсеналу&quot;, однак Янузвй сповнений впевненості, що тренер-наступник виправить ситуацію.&nbsp;</p>\r\n\r\n<p>&quot;Він виграє трофеї. Не забувайте, він новий тренер. Все в новинку для нього. Потрібно дати на цей час. Думаю, він хороший тренер. Всі гравці готові наполегливо працювати, і у нас все складеться&quot;, - повідомив Янузай MUTV.</p>', 7, '2013-12-17 17:43:26', 1, 'post'),
(6, '"Челсі" готує другий пропозицію про покупку Гуаріна', '<p><img alt="" src="http://foot/back-end/load_img/5607-guarin-1.jpg" style="float:left; height:152px; width:202px" />Головний тренер &quot;Челсі&quot; Жозе Моуріньо сподівається ще більш наситити півзахист своєї команди за допомогою січневої покупки Фредді Гуаріна з міланського &quot;Інтера&quot; за 15 мільйонів фунтів.</p>', '<p>Як стало відомо The Guardian, &quot;сині&quot; вже зробили свою пропозицію по Гуарін, але від суми в 12 млн. фунтів &quot;Інтер&quot; відмовився. Найближчим часом Моуріньо підвищить ставку, і, як очікується, трьох додаткових мільйонів має вистачити для здійснення угоди.</p>\r\n\r\n<p>27-річний колумбієць представляє з себе універсального півзахисника. І якщо серед атакуючих півзахисників у &quot;Челсі&quot; дефіциту не спостерігається, то в опорній зоні не все так гладко: Рамірес грає практично без перепочинку, Френку Лемпарду вже 35, Джон Обі Мікел нестабільний, а Марко Ван Гінкель відсутня з травмою хрестоподібних зв&#39;язок коліна. Фредді допоможе зняти напругу в цій зоні.</p>\r\n\r\n<p>Додамо, що Гуаріан виступає за &quot;Інтер&quot; з 2012 року. Раніше Фредді захищав кольори &quot;Сент-Етьєна&quot; і &quot;Порту&quot;. Інтерес до колумбійцю крім &quot;Челсі&quot; проявляють і деякі інші клуби, включаючи &quot;Манчестер Юнайтед&quot;.</p>', 7, '2013-12-17 17:44:44', 1, 'post'),
(7, 'Маккай не отримає "ні пенні" на зимові трансфери', '<p><img alt="" src="http://foot/back-end/load_img/6197-Tan1.jpg" style="float:left; height:152px; width:202px" />Відносини наставника &quot;Кардіффа&quot; Малки Макка і власника клубу Вінсента Тана досягли своєї нижчої точки - малайзійський бізнесмен публічно розкритикував тренера і позбавив того коштів на зимові трансфери.</p>', '<p>Напередодні видання Daily Mail повідомило, що скандальне звільнення Яна Муді з поста директора з підписання гравців раніше в нинішньому сезоні насправді було викликано занадто великою сумою грошей, витраченої влітку на посилення складу.</p>\r\n\r\n<p>Також наводилися слова самого Макка про намір докупити ще трьох новачків у січні. Однак ці коментарі лише розлютили Тана.</p>\r\n\r\n<p>&quot;Містер Тан глибоко засмучений, що тренер висловлюється з приводу нових придбань до того, як обговорила з клубом доступні засоби. Він вважає, що таким чином нечесним шляхом підвищуються очікування вболівальників, а клуб опиняється під тиском, якого можна було уникнути&quot;.</p>\r\n\r\n<p>&quot;Перевитрата зайвих 15 мільйонів фунтів глибоко засмутило містера Тана, що вилилося у звільнення Яна Муді з поста директора з підписання гравців. У такій ситуації власник вирішив, що в січні у тренера не буде ні пенні з доступних засобів&quot;, - свідчить заява виконавчого директора &quot;Кардіффа&quot; Саймона Ліма.</p>', 7, '2013-12-17 17:46:05', 1, 'post'),
(8, 'Дрогба: "Я щаслива людина"', '<p><img alt="" src="http://foot/back-end/load_img/8476-drogba-1.jpg" style="float:left; height:152px; width:202px" />Нападник &quot;Галатасарая&quot; Дідьє Дрогба зізнався, що вважає себе &quot;найщасливішою людиною&quot; від передчуття двох матчів 1/8 фіналу Ліги Чемпіонів проти &quot;Челсі&quot;.</p>', '<p>18 березня Дідьє разом зі своєю нинішньою командою завітає на &quot;Стемфорд Бридж&quot;, де він провів найкращі роки своєї кар&#39;єри. У травні 2012 саме Дрогба допоміг &quot;синім&quot; завоювати перший у своїй історії трофей Ліги Чемпіонів. Зараз івуарієць перебуває в передчутті майбутніх матчів.&nbsp;</p>\r\n\r\n<p>&quot;Ось це жеребкування. Я найщасливіший чоловік у цьому турнірі. В обох матчах я буду грати вдома! Побачимося через кілька місяців&quot;, - повідав Дрогба через свій офіційний акаунт в Instagram.</p>', 17, '2013-12-17 17:47:05', 1, 'post'),
(9, 'Пеллегріні хоче виграти Кубок Ліги', '<p><img alt="" src="http://foot/back-end/load_img/2979-pell2.jpg" style="float:left; height:152px; width:202px" />Головний тренер &quot;Манчестер Сіті&quot; Мануель Пеллегріні хоче, щоб його першим трофеєм на новому місці роботи став Кубок Ліги.</p>', '<p>У вівторок у виїзному протистоянні з &quot;Лестером&quot; &quot;городяни&quot; розіграють путівку в півфінал Кубка Ліги. Довга лава дозволяє &quot;Сіті&quot; з успіхом боротися на всіх фронтах, і Пеллегріні ставить перед своєю командою взяти цей трофей.</p>\r\n\r\n<p>&quot;Думаю, це важливий кубок. Саме тому, з самого початку, ми прагнемо грати найсильнішим складом. Якщо ми доб&#39;ємося перемоги над &quot;Лестером&quot;, а інші команди виграють свої матчі, у півфіналах можуть зійтися важливі команди&quot;.</p>\r\n\r\n<p>&quot;Ми сподіваємося, що продовжить свій виступ у цьому турнірі, а фінал на &quot;Уемблі&quot; - це завжди важлива мета&quot;, - цитує Пеллегріні Daily Mirror.</p>', 18, '2013-12-17 17:48:53', 1, 'post'),
(10, '"Наполі" хоче орендувати Аггера', '<p><img alt="" src="http://foot/back-end/load_img/3174-agger-1.jpg" style="float:left; height:152px; width:202px" />У понеділок офіційні особи &quot;Наполі&quot; вийшли на контакт з &quot;Ліверпулем&quot; щодо оренди захисника Даніеля Аггера до кінця сезону, стверджує The Guardian.</p>', '<p>Минулого літа Аггер не тільки відкинув інтерес &quot;Барселони&quot;, але і був призначений віце-капітаном команди. Здавалося, Даніель стає беззаперечним лідером &quot;Ліверпуля&quot;.</p>\r\n\r\n<p>Проте останнім часом 29-річний датчанин втратив місце в основі команди Брендана Роджерса. У такій ситуації виручити Аггера готовий його колишній тренер Рафаель Бенітес, який нині очолює &quot;Наполі&quot;.</p>\r\n\r\n<p>Відзначимо, що найчастіше Аггер програє конкуренцію не тільки Мамаду Сако і Мартіну Шкртел, а й навіть Коло Туре, якого Роджерс вважав за краще замість Даніеля на недавній матч Прем&#39;єр-Ліги проти &quot;Халла&quot;. Позиція &quot;Ліверпуля&quot; щодо запиту &quot;Наполі&quot; поки не ясна.</p>', 10, '2014-05-01 19:30:55', 1, 'post'),
(11, 'Роджерс не хоче розмірковувати про шанси "Ліверпуля" на титул', '<p><img alt="" src="http://foot/back-end/load_img/6676-brendan-1.jpg" style="float:left; height:152px; width:202px" />Рульовий &quot;Ліверпуля&quot; Брендан Роджерс заявив, що не хоче розмірковувати про шанси своєї команди на чемпіонський титул Прем&#39;єр-Ліги в нинішньому сезоні.</p>', '<p>Розгромивши в неділю &quot;Тоттенхем&quot; з рахунком 0:5, &quot;червоні&quot; наблизилися до вершини Прем&#39;єр-Ліги на відстань у два очки. Якість гри дозволяє оптимістично оцінювати подальші перспективи &quot;Ліверпуля&quot;, але Роджерс не хоче забігати вперед.</p>\r\n\r\n<p>&quot;Якщо чесно, ми навіть не думаємо про це (про титул). Ми працюємо над нашим стилем футболу і рухаємося вперед. Ти можеш претендувати на четверте місце, третє чи друге, але в кінцевому рахунку ти хочеш виграти лігу&quot;.</p>\r\n\r\n<p>&quot;У сезон до мого приходу ми були восьмими, потім в минулому сезоні ми фінішували сьомими. Якщо дивитися реалістично і оцінювати глибину складу деяких інших команд, то нам просто потрібно продовжувати битися&quot;, - цитує Роджерса Sky Sports.</p>', 7, '2013-12-17 17:51:45', 1, 'post'),
(12, 'Моуріньо радить Пойєту виставити резерв на матч з "Челсі"', '<p><img alt="" src="http://foot/back-end/load_img/1275-Mourinho.jpg" style="float:left; height:152px; width:202px" />Головний тренер &quot;Челсі&quot; Жозе Моуріньо порадив своєму колезі з &quot;Сандерленда&quot; Гусу Пойєт виставити молодь на сьогоднішній матч Кубка Ліги.</p>', '<p>&quot;Чорні коти&quot; продовжують борсатися в зоні вильоту Прем&#39;єр-Ліги, відстаючи від рятівного 17-го місця на п&#39;ять очок. І Моуріньо вважає, що &quot;Сандерленду&quot; потрібно поберегти основних гравців і виставити на матч з його командою резервістів.&nbsp;</p>\r\n\r\n<p>&quot;Якщо Гус попросить у мене ради, то я зроблю це. Йому потрібно уникнути вильоту з Прем&#39;єр-Ліги, тому на нашу гру він повинен виставити гравців академії і поберегти основу до наступних вихідних&quot;, - повідомив Моуріньо The Guardian.</p>', 18, '2013-12-17 17:53:39', 1, 'post'),
(13, 'В "Баварії" побоюються нової зустрічі з "Арсеналом"', '<p><img alt="" src="http://foot/back-end/load_img/3486-Bayern Munich.jpg" style="float:left; height:152px; width:202px" />Керівники і гравці &quot;Баварії&quot; висловили жаль, що жеребкування звело їх в 1/8 фіналу Ліги Чемпіонів з &quot;Арсеналом&quot;.</p>', '<p>&quot;Баварія&quot; і &quot;Арсенал&quot; зустрінуться на першій стадії плей-офф Ліги вже другий рік поспіль. Враховуючи, що &quot;каноніри&quot; досягли великого прогресу останнім часом, мюнхенці побоюються зустрічі зі старими знайомими.</p>\r\n\r\n<p>&quot;Це те, чого я так боявся.&quot;Арсенал&quot; - найсильніша команда, яка могла нам дістатися. Ми не будемо недооцінювати свого суперника&quot;, - цитує президента &quot;Баварії&quot; Улі Хенесс Daily Mirror.</p>\r\n\r\n<p>&quot;Ми явно не раді жеребом, бо хотіли уникнути зустрічі з &quot;Арсеналом&quot; і &quot;Міланом&quot;. Лондонці виглядають набагато сильніше, ніж у минулому році&quot;, - заявив захисник мюнхенців Данте.</p>\r\n\r\n<p>&quot;Вони найсильніші суперники, на яких ми могли б потрапити. Вони повністю відійшли від того, що сталося з ними в минулому сезоні&quot;, - вторив інший захисник &quot;Баварії&quot; Джером Боатенг.</p>', 17, '2013-12-17 17:55:01', 3, 'post'),
(14, 'Моуріньо "чує" фінал Кубка Ліги', '<p><img alt="" src="http://foot/back-end/load_img/7734-jm-1.jpg" style="float:left; height:152px; width:202px" />Напередодні сьогоднішнього матчу Кубка Ліги проти &quot;Сандерленда&quot; наставник &quot;Челсі&quot; Жозе Моуріньо заявив, що він найсерйознішим чином налаштовується на цей турнір.</p>', '<p>У ситуації, коли всього три матчі відділяють &quot;синіх&quot; від фіналу і поїздки на &quot;Уемблі&quot;, Моуріньо не хоче розслаблятися. Вже зараз Жозе &quot;чує&quot; запах трофея.</p>\r\n\r\n<p>&quot;Це чвертьфіналу. Коли ти в чвертьфіналі, ти чуєш запах фіналу. Він не так вже й далекий. Подивимося, чи стане цей матч нашим трампліном далі, але ви можете бачити, які команди тут зібралися&quot;.</p>\r\n\r\n<p>&quot;Ми їдемо до &quot;Сандерленду&quot;, і очевидно, що це буде дуже, дуже складно, але крім них тут є &quot;Тоттенхем&quot;, &quot;Вест Хем&quot;, &quot;Манчестер Юнайтед&quot; І &quot;Манчестер Сіті&quot;... Це буде складно. Подивимося, як все складеться&quot;, - цитує Моуріньо Goal.</p>', 18, '2013-12-17 17:57:02', 1, 'post'),
(15, 'Оуен: "Озіл недостатньо хороший, щоб забезпечити" Арсеналу "титул"', '<p><img alt="" src="http://foot/back-end/load_img/5060-mesut-1.jpg" style="float:left; height:152px; width:202px" />Колишній нападник &quot;Ліверпуля&quot; і &quot;Манчестер Юнайтед&quot; Майкл Оуен вважає, що півзахисник Месут Озіл недостатньо хороший, щоб забезпечити &quot;Арсеналу&quot; чемпіонський титул Прем&#39;єр-Ліги в нинішньому сезоні.</p>', '<p>Не можна не відзначити, що Озіл зробив великий внесок в першу позицію &quot;Арсенала&quot; посе 16 проведених турів Прем&#39;єр-Ліги. Проте Майкл вважає, що навіть ця значна покупка не допоможе &quot;канонірам&quot; взяти титул.</p>\r\n\r\n<p>&quot;У &quot;Арсенала&quot; немає достатнього класу гравців, щоб йти в ровень з головними претендентами на титул. Незважаючи на те, що деякі люди кажуть мені про світовий класі Месута Озіла, його нестабільність призводить до того, що ми лише проблисками бачимо його справжній клас&quot;.</p>\r\n\r\n<p>&quot;Звичайна за його хорошим матчем слід низка невдалих&quot;, - цитує Оуена Metro.</p>', 7, '2013-12-18 23:41:59', 1, 'post'),
(16, 'Девід Вейр: "Мойес буде успішнім у МЮ"', '<p><img alt="" src="http://foot/back-end/load_img/4000-rooney-weir.jpg" style="float:left; height:152px; width:202px" />Колишній капітан &quot;Евертона&quot; Девід Вейр переконаний, що Девід Мойес досягне успіху на тренерському містку &quot;Манчестер Юнайтед&quot;.</p>', '<p>43-річний Уейр провів п&#39;ять сезонів під керівництвом Мойеса, а потім увійшов до тренерського штабу &quot;ірисок&quot;, тому має уявлення про здібності нового рульового чемпіонів Прем&#39;єр-Ліги.</p>\r\n\r\n<p>&quot;Сливки завжди спливають наверх, і, безумовно, він володіє всіма атрибутами, щоб домогтися величезного успіху. Немає жодних сумнівів, що він буде там успішний. Це лише питання терпіння вболівальників та клубу - впевнений, вони будуть терплячі&quot;.</p>\r\n\r\n<p>&quot;У них хороший клуб. Їх історія така, що вони підтримують своїх тренерів і дають їм час на розвиток. Вони дуже уважні у своєму виборі і дають час людині, яка отримує роботу. У минулий вікенд вони домоглися відмінного результату, і це допоможе&quot;, - повідомив Уейр в інтерв&#39;ю BBC Radio Scotland.</p>', 7, '2014-05-15 12:27:16', 1, 'post'),
(17, 'Алан Пардью не вважає "Ньюкасл" занадто залежним від Ремі', '<p><img alt="" src="http://foot/back-end/load_img/4347-remy-2.jpg" style="float:left; height:152px; width:202px" />Головний тренер &quot;Ньюкасла&quot; Алан Пардью не вважає, що його команда стала надто залежною від форми нападаючого Лоїка Ремі.</p>', '<p>Минулого літа саме Ремі, орендований у КПР, звалив на себе обов&#39;язки головного бомбардира &quot;сорок&quot;. Це звання дісталося Лоїку без боротьби: Папісс Сіссе і Шола Амеобі досі демонструють невиразний футбол.</p>\r\n\r\n<p>У 10 перших матчах за &quot;Ньюкасл&quot; Ремі забив вісім голів, тоді як у чотирьох останніх не відрізнився не разу. Проте, Пардью не вважає, що його команда залежна від форми 26 -річного француза.</p>\r\n\r\n<p>&quot;Наші голи непогано розподілилися між іншими гравцями, і було б приємно, щоб голи приходили з усіх ділянок поля. Однак, якщо чесно, я не думаю, що ми надто залежні від нього. Він просто є наконечником наших атак&quot;.</p>\r\n\r\n<p>&quot;Будучи природженим бомбардиром, він отримує більшу частину наших моментів. Він грає дуже добре, і ми сподіваємося, що він продовжить в тому ж дусі&quot;, - цитує Пардью BT Sport.rem</p>', 10, '2014-05-01 19:27:25', 1, 'post'),
(18, 'Відіч не шкодує про швидке розставання з МЮ', '<p><img alt="" src="http://foot/back-end/load_img/5493-NemanjaVidic.jpg" style="float:left; height:152px; width:202px" />Напередодні свого останнього матчу на &quot;Олд Траффорд&quot; капітан &quot;Манчестер Юнайтед&quot; Неманьї Відіч заявив, що не шкодує про своє рішення піти з клубу.</p>', '<p>Ще в середині сезону стало відомо, що 32-річний серб уклав попередній контракт з міланським &quot;Інтером&quot;. З тих пір &quot;червоні дияволи&quot; попрощалися з Девідом Мойесом і зараз очікують приходу нового головного тренера.</p>\r\n\r\n<p>Прихід нового тренера, можливо, дозволив би Відічу почати все з чистого аркуша, але рішення вже прийнято, і Неманья ні про що не шкодує.</p>\r\n\r\n<p>&quot;Я не шкодую. Я завжди викладався на 100 відсотків, і проведене в цьому клубі час завжди буде найкращим періодом у моїй кар&#39;єрі. Це були чудові вісім років - або чудові сім років, тому що в даний момент ми виступаємо не так добре&quot;.</p>\r\n\r\n<p>&quot;Я ніколи не замислювався про те, щоб залишитися в Англії, оскільки єдиний клуб, за який я коли-небудь хотів виступати в цій країні, це &quot;Юнайтед&quot;. Мені пощастило бути частиною цього клубу так багато років&quot;.</p>\r\n\r\n<p>&quot;У мене залишилося так багато чудових спогадів. Я й уявити не міг, що виграю 15 трофеїв, включаючи п&#39;ять кубків Прем&#39;єр-Ліги і кубок Ліги Чемпіонів. Я виступав у видатного тренера і багато чому навчився - не тільки на полі, але і за його межами&quot;, - цитує Відіча Sky Sports.</p>\r\n\r\n<p>Нагадаємо, що в січні 2006 &quot;Юнайтед&quot; заплатив за Відіча московському &quot;Спартаку&quot; 7 мільйонів фунтів. З тих пір Неманья провів майже 300 матчів за клуб з &quot;Олд Траффорд&quot;.</p>', 7, '2014-05-15 11:58:04', 1, 'post'),
(19, 'Райан Гіггз готовий продовжити ігрову кар''єру', '<p><img alt="" src="http://foot/back-end/load_img/7726-ryan2.jpg" style="float:left; height:152px; width:202px" />Тимчасово виконуючий обов&#39;язки головного тренера &quot;Манчестер Юнайтед&quot; Райан Гіггз готовий продовжити свою ігрову кар&#39;єру ще на один сезон.</p>', '<p>У залишку сезону саме 40-річний валлієць керує &quot;червоними дияволами&quot;. Але при цьому Райан не розгубив своїх ігрових якостей, що він продемонстрував, зявившись на заміну в матчі проти &quot;Халла&quot; у вівторок ввечері.</p>\r\n\r\n<p>Як стало відомо Goal, наступного тижня &quot;Юнайтед&quot; підтвердить підписання контракту з Луї Ван Галем, і Гіггз повідомить новому тренеру про своє бажання пограти в наступному сезоні.</p>\r\n\r\n<p>При цьому, якщо Ван Галь одночасно запропонує Гіггзу увійти в свій тренерський штаб, Райан не відмовиться - раніше в нинішньому сезоні, при Девід Мойес біля керма &quot;Юнайтед&quot;, валлійська ветеран з успіхом виконував роль граючого тренера.</p>\r\n\r\n<p>Також повідомляється, що Патрік Клюйверт, нинішній помічник Ван Галя в збірної Голландії, що не піде за своїм босом на &quot;Олд Траффорд&quot;.</p>', 7, '2014-05-15 12:25:07', 1, 'post'),
(20, 'Майбутнє Венгера не залежить від фіналу Кубка Англії', '<p><img alt="" src="http://foot/back-end/load_img/972-arsene on finale.jpg" style="float:left; height:152px; width:202px" />Головний тренер &quot;Арсеналу&quot; Арсен Венгер заявив, що результат фінального матчу Кубка Англії проти &quot;Халла&quot; не матиме ніякого впливу на його майбутнє в клубі.</p>', '<p>Незважаючи на те, що &quot;канонірам&quot; залишилося провести всього одну гру в цьому сезоні, француз досі не продовжив закінчується влітку контракт. На думку деяких, Венгер хоче дочекатися результату цього матчу перед тим, як прийняти рішення.</p>\r\n\r\n<p>Однак насправді від результату суботньої гри, в якій &quot;Арсенал&quot; може перервати свою бестрофейную посуху, майбутнє Венгера ніяк не залежить.</p>\r\n\r\n<p>&quot;Результат фіналу Кубка Англії не матиме жодного впливу на моє майбутнє в &quot;Арсеналі&quot;. З урахуванням того, що я працюю тут 18 років, було б трохи смішно приймати рішення, грунтуючись на результат одного матчу&quot;.</p>\r\n\r\n<p>&quot;Чи буду я головним тренером &quot;Арсеналу&quot; в наступному сезоні? Так. Робота в цьому напрямку ще не закінчена, але це має статися&quot;, - повідомив Венгер Eurosport.</p>', 20, '2014-05-16 19:36:27', 1, 'post'),
(21, 'Гіггз завершив кар''єру', '<p><img alt="" src="http://foot/back-end/load_img/1803-237747.jpg" style="float:left; height:152px; width:202px" />&quot;Я представляв кращий клуб в світі в 963 матчах і 64 рази збірну Уельсу. Для мене це величезна гордість, радість і честь&quot;, - сказав 40-річний валлієць офіційному сайту МЮ.</p>', '<p>&quot;Сьогодні я відкриваю нову главу, і мене переповнюють емоції - безмірна гордість, смуток, але, в першу чергу, передчуття майбутньої роботи&quot;.&nbsp;</p>\r\n\r\n<p>Гіггз провів всю 23-річну кар&#39;єру в Манчестер Юнайтед і став рекордсменом клубу за кількістю матчів і найтитулованішим гравцем в Англії.&nbsp;</p>\r\n\r\n<p>У чотирьох заключних матчах минулого сезону він виконував обов&#39;язки менеджера МЮ після звільнення Девіда Мойєса.</p>', 7, '2014-05-19 18:46:19', 1, 'post'),
(22, 'Дніпро бере срібло', '<p><img alt="" src="http://foot/back-end/load_img/2887-237650.jpg" style="float:left; height:152px; width:202px" />Втративши надію на чемпіонський титул, вболівальники і футболісти Дніпра зберегли іншу надію. На другу сходинку, яка дає право спробувати свої сили в головному єврокубковому турнірі. Для цього дніпрянам було достатньо переграти на домашній арені донецький Металург.</p>', '<p>Стартові хвилини зустрічі ясно дали зрозуміти, що психологічну зарядку підопічні Хуанде Рамоса провели на &quot;відмінно&quot;. З першого свистка Юрія Можаровського господарі поля побігли вперед і почали активно пресингувати суперників на їхній половині поля.</p>\r\n\r\n<p>Гості до такого темпу, як здалося, були не готові, через що їм довелося фолити. І вже другий &quot;стандарт&quot; біля воріт Паньківа завершився взяттям воріт. Після подачі Кравченко ніхто з гравців Металурга не зміг розрядити ситуацію, на м&#39;ячі виявився Жуліано і точно пробив у лівий від себе нижній кут.</p>\r\n\r\n<p>Майже відразу Дніпро міг подвоювати свою перевагу після ще одного розіграшу штрафного, але ні Матеус, ні Канкава переграти кіпера гостей не змогли.</p>\r\n\r\n<p>Відкривши рахунок , Хуанде Рамос зробив невеликі зміни , відрядивши вперед Матеуса, а Зозулю - на правий фланг півзахисту. Таким чином іспанський фахівець явно мав намір робити ставку на швидкі контратаки. Але свій другий м&#39;яч Дніпро забив знову після &quot;стандарту&quot;. І знову його на свій рахунок записав Жуліано. Бразилець виявився першим на підборі після невдалого виносу від суперників і точно пробив у нижній кут. Паньків постарався врятувати , але виручити свою команду не зміг.</p>\r\n\r\n<p>Дніпро домінував, однак перед свистком на перерву несподівано пропустив. Морозюк подав кутовий, партнери зробили баскетбольний заслін для О&#39;Ді, а той спокійно розстріляв ворота Бойко метрів з семи.</p>\r\n\r\n<p>Інтрига, правда, зберігалася недовго: надто вже велике було бажання господарів поля перемогти. Перепочивши, у другому таймі вони знову взялися створювати проблеми обороні Металурга і незабаром відкрили рахунок. Коноплянка на швидкості класно проскочив Пляцикас і майже від лицьової катнув м&#39;яч поперек на самотнього Матеуса. Тому залишалося не промахнутися з лічених метрів.</p>\r\n\r\n<p>У другому таймі команда Ташуєва лише на кілька хвилин перехопила ініціативу, але в цілому Дніпро виглядав значно сильніше в атаці. Більше за інших цим був розчарований Мораес, який напевно бажав повернутися на першу сходинку в бомбардирських перегонах. Завершилося це тим, що бразилець після довгої передачі вперед грубо зіграв проти Бойка, після чого був вилучений. Мазух, вступившийся за кіпера, також отримав червону картку.</p>\r\n\r\n<p>На цьому, власне кажучи, все для Металурга і закінчилося. Втративши свого кращого гравця, донеччани опустили руки і банально дограли матч до фінального свистка. Дніпро ж на куражі міг забити і четвертий, але це було вже зовсім необов&#39;язково. Ліга чемпіонів у Дніпропетровську!</p>', 13, '2014-05-19 18:51:01', 1, 'post'),
(23, 'Ван Галь хоче повернути "Юнайтед" на вершину', '<p><img alt="" src="http://foot/back-end/load_img/258-lvg3.jpg" style="float:left; height:152px; width:202px" />Новий головний тренер &quot;Манчестер Юнайтед&quot; Луї Ван Галь заявив про своє бажання повернути свій клуб на провідні позиції.</p>', '<p>Після провального сезону під керівництвом Девіда Мойєса &quot;червоні дияволи&quot; були змушені почати ще одну, цього разу незаплановану, перебудову і вдатися до послуг досвідченого Ван Галя.</p>\r\n\r\n<p>У понеділок Ван Галь уклав 3 -річний контракт з &quot; Юнайтед&quot;, після чого повідомив про свій намір відновити колишній статус клубу.</p>\r\n\r\n<p>&quot;Моя мета - знову повернути їх на позицію номер один як можна швидше, бо там вони були при сера Алекса Фергюсона. &quot;Юнайтед&quot;- найбільший клуб в світі. Мудрий з точки зору маркетингу, але також погляньте на їх бюджет. Вони повинні займати високе місце&quot;, - цитує Ван Галя The Telegraph.</p>\r\n\r\n<p>62-річний голландець також зізнався, що альтернативою переїзду в Манчестер для нього було завершення кар&#39;єри.</p>\r\n\r\n<p>&quot;Або я завершую кар&#39;єру, або вирушаю до Англії. Моя дружина Труус хотіла, щоб я завершив кар&#39;єру. Але тепер ми вирушаємо в Англію&quot;, - повідав Луї.</p>\r\n\r\n<p>Нарешті, Ван Галь підтвердив інформацію про те, що він вже встиг обговорити з виконавчим директором Едом Вудвордом трансферні плани &quot;дияволів&quot; на літо.</p>\r\n\r\n<p>&quot;Ми не говорили про гроші. Ми говорили про гравців, яких я хочу. Подивимося, чи зможемо ми їх дістати. Ми також говорили про тих, хто може піти&quot;, - додав Ван Галь.</p>', 7, '2014-05-20 13:30:30', 1, 'post');

-- --------------------------------------------------------

--
-- Структура таблицы `user`
--

CREATE TABLE IF NOT EXISTS `user` (
  `u_id` smallint(5) unsigned NOT NULL AUTO_INCREMENT,
  `u_login` varchar(100) NOT NULL,
  `u_email` varchar(100) NOT NULL,
  `u_pass` varchar(255) NOT NULL,
  `u_sex` enum('Мужчина','Женщина') DEFAULT NULL,
  `u_role` enum('user','admin') NOT NULL DEFAULT 'user',
  `u_avatar` varchar(100) DEFAULT NULL,
  PRIMARY KEY (`u_id`)
) ENGINE=InnoDB  DEFAULT CHARSET=cp1251 AUTO_INCREMENT=6 ;

--
-- Дамп данных таблицы `user`
--

INSERT INTO `user` (`u_id`, `u_login`, `u_email`, `u_pass`, `u_sex`, `u_role`, `u_avatar`) VALUES
(1, 'Андрей', 'andreyt007@gmail.com', 'b5e60fde2fcc3cd94fe550951fa577ebd141c9d7', 'Мужчина', 'admin', 'back-end/load_img/rooney.jpg'),
(2, 'Даша', 'dasha@gmail.com', '7c4a8d09ca3762af61e59520943dc26494f8941b', 'Женщина', 'user', 'back-end/load_img/manchester-united-logo.png'),
(3, 'Сергей', 'sergey@mail.ru', '7c4a8d09ca3762af61e59520943dc26494f8941b', 'Мужчина', 'user', 'back-end/load_img/AC MILAN.gif'),
(5, 'asdas', 'sdf@i.ua', '7c4a8d09ca3762af61e59520943dc26494f8941b', 'Мужчина', 'user', '');

--
-- Ограничения внешнего ключа сохраненных таблиц
--

--
-- Ограничения внешнего ключа таблицы `comments`
--
ALTER TABLE `comments`
  ADD CONSTRAINT `comments_ibfk_1` FOREIGN KEY (`comment_user_id`) REFERENCES `user` (`u_id`) ON DELETE CASCADE ON UPDATE NO ACTION,
  ADD CONSTRAINT `comments_ibfk_2` FOREIGN KEY (`comment_post_id`) REFERENCES `posts` (`post_id`) ON DELETE CASCADE;

--
-- Ограничения внешнего ключа таблицы `league_tables`
--
ALTER TABLE `league_tables`
  ADD CONSTRAINT `league_tables_ibfk_1` FOREIGN KEY (`l_id`) REFERENCES `categories` (`cat_id`) ON DELETE NO ACTION ON UPDATE NO ACTION;

--
-- Ограничения внешнего ключа таблицы `posts`
--
ALTER TABLE `posts`
  ADD CONSTRAINT `posts_ibfk_3` FOREIGN KEY (`post_cat_id`) REFERENCES `categories` (`cat_id`) ON DELETE SET NULL ON UPDATE NO ACTION,
  ADD CONSTRAINT `posts_user_u_id` FOREIGN KEY (`post_author_id`) REFERENCES `user` (`u_id`) ON DELETE NO ACTION ON UPDATE NO ACTION;

/*!40101 SET CHARACTER_SET_CLIENT=@OLD_CHARACTER_SET_CLIENT */;
/*!40101 SET CHARACTER_SET_RESULTS=@OLD_CHARACTER_SET_RESULTS */;
/*!40101 SET COLLATION_CONNECTION=@OLD_COLLATION_CONNECTION */;
